"","name","year","unemprate"
"1","Adair",2000,2.71666666666667
"2","Adair",2001,2.76666666666667
"3","Adair",2002,3.65
"4","Adair",2003,4.03333333333333
"5","Adair",2004,4.175
"6","Adair",2005,4.03333333333333
"7","Adair",2006,3.18333333333333
"8","Adair",2007,3.49166666666667
"9","Adair",2008,4
"10","Adair",2009,5.76666666666667
"11","Adair",2010,5.65
"12","Adair",2011,4.95
"13","Adair",2012,4.375
"14","Adair",2013,4.225
"15","Adair",2014,4.03333333333333
"16","Adair",2015,3.20833333333333
"17","Adair",2016,2.90833333333333
"18","Adair",2017,2.78333333333333
"19","Adair",2018,2.44166666666667
"20","Adair",2019,2.38333333333333
"21","Adair",2020,4
"22","Adair",2021,3.33333333333333
"23","Adams",2000,3.85833333333333
"24","Adams",2001,4.225
"25","Adams",2002,4.7
"26","Adams",2003,4.99166666666667
"27","Adams",2004,5.025
"28","Adams",2005,5.24166666666667
"29","Adams",2006,4.575
"30","Adams",2007,4.16666666666667
"31","Adams",2008,4.19166666666667
"32","Adams",2009,6.1
"33","Adams",2010,4.90833333333333
"34","Adams",2011,4.50833333333333
"35","Adams",2012,3.95833333333333
"36","Adams",2013,3.68333333333333
"37","Adams",2014,3.325
"38","Adams",2015,2.78333333333333
"39","Adams",2016,2.58333333333333
"40","Adams",2017,2.33333333333333
"41","Adams",2018,1.99166666666667
"42","Adams",2019,1.75833333333333
"43","Adams",2020,3.78333333333333
"44","Adams",2021,3.08333333333333
"45","Allamakee",2000,3.45833333333333
"46","Allamakee",2001,4
"47","Allamakee",2002,4.525
"48","Allamakee",2003,5.5
"49","Allamakee",2004,5.95833333333333
"50","Allamakee",2005,5.26666666666667
"51","Allamakee",2006,4.55833333333333
"52","Allamakee",2007,4.775
"53","Allamakee",2008,6.4
"54","Allamakee",2009,10.2083333333333
"55","Allamakee",2010,7.95833333333333
"56","Allamakee",2011,7.29166666666667
"57","Allamakee",2012,6.45833333333333
"58","Allamakee",2013,6.33333333333333
"59","Allamakee",2014,5.64166666666667
"60","Allamakee",2015,4.825
"61","Allamakee",2016,4.90833333333333
"62","Allamakee",2017,3.98333333333333
"63","Allamakee",2018,3.15833333333333
"64","Allamakee",2019,3.54166666666667
"65","Allamakee",2020,5.05833333333333
"66","Allamakee",2021,5.16666666666667
"67","Appanoose",2000,4.43333333333333
"68","Appanoose",2001,5.175
"69","Appanoose",2002,5.24166666666667
"70","Appanoose",2003,5.35833333333333
"71","Appanoose",2004,5.50833333333333
"72","Appanoose",2005,5.23333333333333
"73","Appanoose",2006,5.375
"74","Appanoose",2007,6.84166666666667
"75","Appanoose",2008,5.45833333333333
"76","Appanoose",2009,8.68333333333333
"77","Appanoose",2010,7.44166666666667
"78","Appanoose",2011,7.025
"79","Appanoose",2012,6.55
"80","Appanoose",2013,6.375
"81","Appanoose",2014,5.7
"82","Appanoose",2015,4.85833333333333
"83","Appanoose",2016,4.68333333333333
"84","Appanoose",2017,3.75833333333333
"85","Appanoose",2018,3.41666666666667
"86","Appanoose",2019,3.61666666666667
"87","Appanoose",2020,5.275
"88","Appanoose",2021,4.33333333333333
"89","Audubon",2000,2.99166666666667
"90","Audubon",2001,3.23333333333333
"91","Audubon",2002,3.83333333333333
"92","Audubon",2003,3.975
"93","Audubon",2004,4.175
"94","Audubon",2005,4.58333333333333
"95","Audubon",2006,3.95833333333333
"96","Audubon",2007,3.91666666666667
"97","Audubon",2008,4.46666666666667
"98","Audubon",2009,5.83333333333333
"99","Audubon",2010,5.69166666666667
"100","Audubon",2011,5.83333333333333
"101","Audubon",2012,4.825
"102","Audubon",2013,4.89166666666667
"103","Audubon",2014,4.30833333333333
"104","Audubon",2015,3.93333333333333
"105","Audubon",2016,3.26666666666667
"106","Audubon",2017,3.05833333333333
"107","Audubon",2018,2.53333333333333
"108","Audubon",2019,2.5
"109","Audubon",2020,3.425
"110","Audubon",2021,3.4
"111","Benton",2000,2.325
"112","Benton",2001,3.1
"113","Benton",2002,4.26666666666667
"114","Benton",2003,4.70833333333333
"115","Benton",2004,4.575
"116","Benton",2005,4.76666666666667
"117","Benton",2006,3.94166666666667
"118","Benton",2007,3.9
"119","Benton",2008,4.15
"120","Benton",2009,6.30833333333333
"121","Benton",2010,6.3
"122","Benton",2011,5.9
"123","Benton",2012,5.325
"124","Benton",2013,5.10833333333333
"125","Benton",2014,4.6
"126","Benton",2015,3.84166666666667
"127","Benton",2016,3.55833333333333
"128","Benton",2017,3.25
"129","Benton",2018,2.78333333333333
"130","Benton",2019,2.98333333333333
"131","Benton",2020,5.04166666666667
"132","Benton",2021,4.75
"133","Black Hawk",2000,2.83333333333333
"134","Black Hawk",2001,3.44166666666667
"135","Black Hawk",2002,3.975
"136","Black Hawk",2003,4.55833333333333
"137","Black Hawk",2004,4.56666666666667
"138","Black Hawk",2005,4.35833333333333
"139","Black Hawk",2006,3.81666666666667
"140","Black Hawk",2007,3.74166666666667
"141","Black Hawk",2008,4.06666666666667
"142","Black Hawk",2009,6.10833333333333
"143","Black Hawk",2010,6.275
"144","Black Hawk",2011,5.93333333333333
"145","Black Hawk",2012,5.475
"146","Black Hawk",2013,5.10833333333333
"147","Black Hawk",2014,4.89166666666667
"148","Black Hawk",2015,4.525
"149","Black Hawk",2016,4.6
"150","Black Hawk",2017,3.73333333333333
"151","Black Hawk",2018,2.88333333333333
"152","Black Hawk",2019,3.23333333333333
"153","Black Hawk",2020,6.15
"154","Black Hawk",2021,4.91666666666667
"155","Boone",2000,2.19166666666667
"156","Boone",2001,2.775
"157","Boone",2002,3.20833333333333
"158","Boone",2003,3.48333333333333
"159","Boone",2004,3.525
"160","Boone",2005,3.48333333333333
"161","Boone",2006,2.90833333333333
"162","Boone",2007,3.275
"163","Boone",2008,3.56666666666667
"164","Boone",2009,5.925
"165","Boone",2010,5.80833333333333
"166","Boone",2011,5.04166666666667
"167","Boone",2012,4.33333333333333
"168","Boone",2013,4.05833333333333
"169","Boone",2014,3.39166666666667
"170","Boone",2015,3.00833333333333
"171","Boone",2016,2.75833333333333
"172","Boone",2017,2.44166666666667
"173","Boone",2018,2.20833333333333
"174","Boone",2019,2.39166666666667
"175","Boone",2020,4.06666666666667
"176","Boone",2021,3.68333333333333
"177","Bremer",2000,2.49166666666667
"178","Bremer",2001,3.09166666666667
"179","Bremer",2002,3.34166666666667
"180","Bremer",2003,3.86666666666667
"181","Bremer",2004,3.80833333333333
"182","Bremer",2005,3.69166666666667
"183","Bremer",2006,3.175
"184","Bremer",2007,3.10833333333333
"185","Bremer",2008,3.51666666666667
"186","Bremer",2009,5.40833333333333
"187","Bremer",2010,5
"188","Bremer",2011,4.45
"189","Bremer",2012,3.84166666666667
"190","Bremer",2013,3.79166666666667
"191","Bremer",2014,3.66666666666667
"192","Bremer",2015,3.49166666666667
"193","Bremer",2016,3.55
"194","Bremer",2017,2.79166666666667
"195","Bremer",2018,2.10833333333333
"196","Bremer",2019,2.325
"197","Bremer",2020,3.95833333333333
"198","Bremer",2021,3.41666666666667
"199","Buchanan",2000,2.86666666666667
"200","Buchanan",2001,3.90833333333333
"201","Buchanan",2002,4.5
"202","Buchanan",2003,4.49166666666667
"203","Buchanan",2004,4.575
"204","Buchanan",2005,4.59166666666667
"205","Buchanan",2006,4.225
"206","Buchanan",2007,4.18333333333333
"207","Buchanan",2008,4.05
"208","Buchanan",2009,6.61666666666667
"209","Buchanan",2010,6.075
"210","Buchanan",2011,5.75833333333333
"211","Buchanan",2012,4.83333333333333
"212","Buchanan",2013,4.73333333333333
"213","Buchanan",2014,4.65
"214","Buchanan",2015,4.21666666666667
"215","Buchanan",2016,4.075
"216","Buchanan",2017,3.175
"217","Buchanan",2018,2.63333333333333
"218","Buchanan",2019,2.76666666666667
"219","Buchanan",2020,4.56666666666667
"220","Buchanan",2021,4.05
"221","Buena Vista",2000,2.38333333333333
"222","Buena Vista",2001,2.65833333333333
"223","Buena Vista",2002,3.2
"224","Buena Vista",2003,3.59166666666667
"225","Buena Vista",2004,3.96666666666667
"226","Buena Vista",2005,3.83333333333333
"227","Buena Vista",2006,3.25833333333333
"228","Buena Vista",2007,3.19166666666667
"229","Buena Vista",2008,3.56666666666667
"230","Buena Vista",2009,5.23333333333333
"231","Buena Vista",2010,4.825
"232","Buena Vista",2011,4.6
"233","Buena Vista",2012,4.19166666666667
"234","Buena Vista",2013,3.96666666666667
"235","Buena Vista",2014,3.96666666666667
"236","Buena Vista",2015,3.63333333333333
"237","Buena Vista",2016,3.5
"238","Buena Vista",2017,2.6
"239","Buena Vista",2018,2.15833333333333
"240","Buena Vista",2019,2.125
"241","Buena Vista",2020,3.66666666666667
"242","Buena Vista",2021,3.21666666666667
"243","Butler",2000,3.26666666666667
"244","Butler",2001,4.39166666666667
"245","Butler",2002,4.525
"246","Butler",2003,4.98333333333333
"247","Butler",2004,4.625
"248","Butler",2005,4.825
"249","Butler",2006,4.075
"250","Butler",2007,4.025
"251","Butler",2008,4.61666666666667
"252","Butler",2009,6.56666666666667
"253","Butler",2010,6.15833333333333
"254","Butler",2011,5.125
"255","Butler",2012,4.54166666666667
"256","Butler",2013,4.525
"257","Butler",2014,4.21666666666667
"258","Butler",2015,4.325
"259","Butler",2016,4.325
"260","Butler",2017,3.575
"261","Butler",2018,2.81666666666667
"262","Butler",2019,3.225
"263","Butler",2020,4.66666666666667
"264","Butler",2021,4.18333333333333
"265","Calhoun",2000,2.83333333333333
"266","Calhoun",2001,3.28333333333333
"267","Calhoun",2002,3.59166666666667
"268","Calhoun",2003,4.19166666666667
"269","Calhoun",2004,4.25
"270","Calhoun",2005,4.01666666666667
"271","Calhoun",2006,3.35833333333333
"272","Calhoun",2007,3.25833333333333
"273","Calhoun",2008,3.475
"274","Calhoun",2009,5.13333333333333
"275","Calhoun",2010,6.1
"276","Calhoun",2011,5.8
"277","Calhoun",2012,5.55
"278","Calhoun",2013,5.19166666666667
"279","Calhoun",2014,4.83333333333333
"280","Calhoun",2015,4.275
"281","Calhoun",2016,3.75833333333333
"282","Calhoun",2017,3.04166666666667
"283","Calhoun",2018,2.575
"284","Calhoun",2019,2.56666666666667
"285","Calhoun",2020,4.09166666666667
"286","Calhoun",2021,4.05
"287","Carroll",2000,2.28333333333333
"288","Carroll",2001,2.54166666666667
"289","Carroll",2002,2.89166666666667
"290","Carroll",2003,2.83333333333333
"291","Carroll",2004,2.93333333333333
"292","Carroll",2005,3.01666666666667
"293","Carroll",2006,2.6
"294","Carroll",2007,2.65833333333333
"295","Carroll",2008,2.83333333333333
"296","Carroll",2009,4.21666666666667
"297","Carroll",2010,4.38333333333333
"298","Carroll",2011,4.125
"299","Carroll",2012,3.76666666666667
"300","Carroll",2013,3.36666666666667
"301","Carroll",2014,3.15833333333333
"302","Carroll",2015,2.59166666666667
"303","Carroll",2016,2.54166666666667
"304","Carroll",2017,2.275
"305","Carroll",2018,1.9
"306","Carroll",2019,1.95833333333333
"307","Carroll",2020,3.96666666666667
"308","Carroll",2021,3.21666666666667
"309","Cass",2000,3.66666666666667
"310","Cass",2001,3.95833333333333
"311","Cass",2002,4.50833333333333
"312","Cass",2003,5.00833333333333
"313","Cass",2004,4.86666666666667
"314","Cass",2005,4.65
"315","Cass",2006,4.23333333333333
"316","Cass",2007,4.14166666666667
"317","Cass",2008,4.575
"318","Cass",2009,6.75
"319","Cass",2010,6.36666666666667
"320","Cass",2011,6.05
"321","Cass",2012,5.21666666666667
"322","Cass",2013,5.06666666666667
"323","Cass",2014,4.33333333333333
"324","Cass",2015,3.59166666666667
"325","Cass",2016,3.225
"326","Cass",2017,3.56666666666667
"327","Cass",2018,2.71666666666667
"328","Cass",2019,2.84166666666667
"329","Cass",2020,3.89166666666667
"330","Cass",2021,3.91666666666667
"331","Cedar",2000,2.3
"332","Cedar",2001,2.84166666666667
"333","Cedar",2002,3.525
"334","Cedar",2003,3.74166666666667
"335","Cedar",2004,4.025
"336","Cedar",2005,3.76666666666667
"337","Cedar",2006,3.21666666666667
"338","Cedar",2007,3.24166666666667
"339","Cedar",2008,3.625
"340","Cedar",2009,5.58333333333333
"341","Cedar",2010,5.475
"342","Cedar",2011,5.25
"343","Cedar",2012,4.55833333333333
"344","Cedar",2013,4.31666666666667
"345","Cedar",2014,3.85833333333333
"346","Cedar",2015,3.4
"347","Cedar",2016,3.29166666666667
"348","Cedar",2017,2.88333333333333
"349","Cedar",2018,2.475
"350","Cedar",2019,2.5
"351","Cedar",2020,4.36666666666667
"352","Cedar",2021,4.2
"353","Cerro Gordo",2000,2.95
"354","Cerro Gordo",2001,3.44166666666667
"355","Cerro Gordo",2002,4.11666666666667
"356","Cerro Gordo",2003,4.24166666666667
"357","Cerro Gordo",2004,4.40833333333333
"358","Cerro Gordo",2005,4.39166666666667
"359","Cerro Gordo",2006,3.89166666666667
"360","Cerro Gordo",2007,3.90833333333333
"361","Cerro Gordo",2008,4.725
"362","Cerro Gordo",2009,6.95
"363","Cerro Gordo",2010,6.975
"364","Cerro Gordo",2011,6.23333333333333
"365","Cerro Gordo",2012,5.6
"366","Cerro Gordo",2013,5.40833333333333
"367","Cerro Gordo",2014,4.61666666666667
"368","Cerro Gordo",2015,3.9
"369","Cerro Gordo",2016,3.55833333333333
"370","Cerro Gordo",2017,3.025
"371","Cerro Gordo",2018,2.675
"372","Cerro Gordo",2019,2.75833333333333
"373","Cerro Gordo",2020,5.19166666666667
"374","Cerro Gordo",2021,4.48333333333333
"375","Cherokee",2000,2.38333333333333
"376","Cherokee",2001,2.96666666666667
"377","Cherokee",2002,4.06666666666667
"378","Cherokee",2003,4.15833333333333
"379","Cherokee",2004,4.39166666666667
"380","Cherokee",2005,4.69166666666667
"381","Cherokee",2006,4.15833333333333
"382","Cherokee",2007,3.625
"383","Cherokee",2008,3.48333333333333
"384","Cherokee",2009,4.58333333333333
"385","Cherokee",2010,4.575
"386","Cherokee",2011,4.825
"387","Cherokee",2012,4.375
"388","Cherokee",2013,4.30833333333333
"389","Cherokee",2014,5.08333333333333
"390","Cherokee",2015,5.11666666666667
"391","Cherokee",2016,3.59166666666667
"392","Cherokee",2017,2.51666666666667
"393","Cherokee",2018,2.20833333333333
"394","Cherokee",2019,2.50833333333333
"395","Cherokee",2020,3.775
"396","Cherokee",2021,3.56666666666667
"397","Chickasaw",2000,6.45
"398","Chickasaw",2001,6.21666666666667
"399","Chickasaw",2002,5.36666666666667
"400","Chickasaw",2003,6.05
"401","Chickasaw",2004,5.98333333333333
"402","Chickasaw",2005,5.3
"403","Chickasaw",2006,4.50833333333333
"404","Chickasaw",2007,4.175
"405","Chickasaw",2008,4.86666666666667
"406","Chickasaw",2009,8.85833333333333
"407","Chickasaw",2010,7.575
"408","Chickasaw",2011,6.36666666666667
"409","Chickasaw",2012,5.225
"410","Chickasaw",2013,5
"411","Chickasaw",2014,4.75
"412","Chickasaw",2015,4.46666666666667
"413","Chickasaw",2016,4.39166666666667
"414","Chickasaw",2017,3.18333333333333
"415","Chickasaw",2018,2.78333333333333
"416","Chickasaw",2019,2.9
"417","Chickasaw",2020,4.65833333333333
"418","Chickasaw",2021,3.88333333333333
"419","Clarke",2000,3.2
"420","Clarke",2001,4.05
"421","Clarke",2002,5.26666666666667
"422","Clarke",2003,8.01666666666667
"423","Clarke",2004,6.4
"424","Clarke",2005,5.20833333333333
"425","Clarke",2006,4.05
"426","Clarke",2007,4.15
"427","Clarke",2008,4.58333333333333
"428","Clarke",2009,7.61666666666667
"429","Clarke",2010,7.80833333333333
"430","Clarke",2011,7.11666666666667
"431","Clarke",2012,6.04166666666667
"432","Clarke",2013,5.5
"433","Clarke",2014,4.46666666666667
"434","Clarke",2015,4.06666666666667
"435","Clarke",2016,3.34166666666667
"436","Clarke",2017,3.10833333333333
"437","Clarke",2018,2.90833333333333
"438","Clarke",2019,2.91666666666667
"439","Clarke",2020,5.4
"440","Clarke",2021,4.81666666666667
"441","Clay",2000,2.525
"442","Clay",2001,3.13333333333333
"443","Clay",2002,3.80833333333333
"444","Clay",2003,4.11666666666667
"445","Clay",2004,3.98333333333333
"446","Clay",2005,3.98333333333333
"447","Clay",2006,3.3
"448","Clay",2007,3.11666666666667
"449","Clay",2008,3.40833333333333
"450","Clay",2009,6.8
"451","Clay",2010,5.975
"452","Clay",2011,5.54166666666667
"453","Clay",2012,5.05833333333333
"454","Clay",2013,4.51666666666667
"455","Clay",2014,4.15833333333333
"456","Clay",2015,3.58333333333333
"457","Clay",2016,3.825
"458","Clay",2017,3.71666666666667
"459","Clay",2018,3.28333333333333
"460","Clay",2019,2.78333333333333
"461","Clay",2020,4.50833333333333
"462","Clay",2021,3.96666666666667
"463","Clayton",2000,3.49166666666667
"464","Clayton",2001,4.64166666666667
"465","Clayton",2002,5.63333333333333
"466","Clayton",2003,6.075
"467","Clayton",2004,6.875
"468","Clayton",2005,6.55833333333333
"469","Clayton",2006,5.01666666666667
"470","Clayton",2007,4.83333333333333
"471","Clayton",2008,5.45833333333333
"472","Clayton",2009,8.56666666666667
"473","Clayton",2010,7.26666666666667
"474","Clayton",2011,6.275
"475","Clayton",2012,5.71666666666667
"476","Clayton",2013,5.65833333333333
"477","Clayton",2014,5
"478","Clayton",2015,4.10833333333333
"479","Clayton",2016,4.21666666666667
"480","Clayton",2017,3.95
"481","Clayton",2018,3.275
"482","Clayton",2019,3.675
"483","Clayton",2020,5.66666666666667
"484","Clayton",2021,5.8
"485","Clinton",2000,3.48333333333333
"486","Clinton",2001,4.45
"487","Clinton",2002,5.30833333333333
"488","Clinton",2003,5.4
"489","Clinton",2004,5.23333333333333
"490","Clinton",2005,4.775
"491","Clinton",2006,3.9
"492","Clinton",2007,3.74166666666667
"493","Clinton",2008,4.2
"494","Clinton",2009,7.25833333333333
"495","Clinton",2010,7.16666666666667
"496","Clinton",2011,6.75
"497","Clinton",2012,6.175
"498","Clinton",2013,5.76666666666667
"499","Clinton",2014,5.25
"500","Clinton",2015,4.94166666666667
"501","Clinton",2016,4.9
"502","Clinton",2017,4.03333333333333
"503","Clinton",2018,3.28333333333333
"504","Clinton",2019,3.78333333333333
"505","Clinton",2020,6.725
"506","Clinton",2021,5.65
"507","Crawford",2000,2.50833333333333
"508","Crawford",2001,3.1
"509","Crawford",2002,3.81666666666667
"510","Crawford",2003,3.825
"511","Crawford",2004,3.68333333333333
"512","Crawford",2005,3.86666666666667
"513","Crawford",2006,3.03333333333333
"514","Crawford",2007,3.30833333333333
"515","Crawford",2008,3.3
"516","Crawford",2009,4.60833333333333
"517","Crawford",2010,4.78333333333333
"518","Crawford",2011,4.825
"519","Crawford",2012,4.48333333333333
"520","Crawford",2013,4.35833333333333
"521","Crawford",2014,4.05833333333333
"522","Crawford",2015,4.16666666666667
"523","Crawford",2016,5.425
"524","Crawford",2017,4.09166666666667
"525","Crawford",2018,3.49166666666667
"526","Crawford",2019,3.56666666666667
"527","Crawford",2020,5.24166666666667
"528","Crawford",2021,5.43333333333333
"529","Dallas",2000,1.94166666666667
"530","Dallas",2001,2.35
"531","Dallas",2002,2.89166666666667
"532","Dallas",2003,3.3
"533","Dallas",2004,3.43333333333333
"534","Dallas",2005,3.4
"535","Dallas",2006,2.825
"536","Dallas",2007,2.85
"537","Dallas",2008,3.24166666666667
"538","Dallas",2009,4.925
"539","Dallas",2010,4.64166666666667
"540","Dallas",2011,4.34166666666667
"541","Dallas",2012,3.94166666666667
"542","Dallas",2013,3.61666666666667
"543","Dallas",2014,3.28333333333333
"544","Dallas",2015,2.85833333333333
"545","Dallas",2016,2.60833333333333
"546","Dallas",2017,2.125
"547","Dallas",2018,1.76666666666667
"548","Dallas",2019,1.95833333333333
"549","Dallas",2020,3.63333333333333
"550","Dallas",2021,3.05
"551","Davis",2000,3.325
"552","Davis",2001,4.06666666666667
"553","Davis",2002,4.83333333333333
"554","Davis",2003,4.84166666666667
"555","Davis",2004,4.94166666666667
"556","Davis",2005,5.38333333333333
"557","Davis",2006,4.64166666666667
"558","Davis",2007,4.525
"559","Davis",2008,4.975
"560","Davis",2009,9.14166666666667
"561","Davis",2010,7.31666666666667
"562","Davis",2011,6.225
"563","Davis",2012,5.78333333333333
"564","Davis",2013,5.51666666666667
"565","Davis",2014,5.1
"566","Davis",2015,4.41666666666667
"567","Davis",2016,4.21666666666667
"568","Davis",2017,3.31666666666667
"569","Davis",2018,2.75
"570","Davis",2019,2.86666666666667
"571","Davis",2020,4.025
"572","Davis",2021,3.51666666666667
"573","Decatur",2000,3.4
"574","Decatur",2001,3.40833333333333
"575","Decatur",2002,4.325
"576","Decatur",2003,5.75
"577","Decatur",2004,5.24166666666667
"578","Decatur",2005,4.9
"579","Decatur",2006,4.00833333333333
"580","Decatur",2007,4.075
"581","Decatur",2008,3.79166666666667
"582","Decatur",2009,6.725
"583","Decatur",2010,6.175
"584","Decatur",2011,5.06666666666667
"585","Decatur",2012,4.45833333333333
"586","Decatur",2013,4.525
"587","Decatur",2014,3.78333333333333
"588","Decatur",2015,3.24166666666667
"589","Decatur",2016,3.2
"590","Decatur",2017,2.63333333333333
"591","Decatur",2018,2.30833333333333
"592","Decatur",2019,2.25833333333333
"593","Decatur",2020,3.84166666666667
"594","Decatur",2021,3.35
"595","Delaware",2000,2.89166666666667
"596","Delaware",2001,3.61666666666667
"597","Delaware",2002,4.95833333333333
"598","Delaware",2003,4.94166666666667
"599","Delaware",2004,4.75
"600","Delaware",2005,4.44166666666667
"601","Delaware",2006,3.65
"602","Delaware",2007,3.55833333333333
"603","Delaware",2008,3.925
"604","Delaware",2009,6.69166666666667
"605","Delaware",2010,6.16666666666667
"606","Delaware",2011,5.55833333333333
"607","Delaware",2012,4.50833333333333
"608","Delaware",2013,4.3
"609","Delaware",2014,3.775
"610","Delaware",2015,3.35
"611","Delaware",2016,3.43333333333333
"612","Delaware",2017,2.64166666666667
"613","Delaware",2018,2.13333333333333
"614","Delaware",2019,2.375
"615","Delaware",2020,3.975
"616","Delaware",2021,3.63333333333333
"617","Des Moines",2000,3.55833333333333
"618","Des Moines",2001,4.99166666666667
"619","Des Moines",2002,5.95
"620","Des Moines",2003,6.61666666666667
"621","Des Moines",2004,5.91666666666667
"622","Des Moines",2005,5.45833333333333
"623","Des Moines",2006,4.70833333333333
"624","Des Moines",2007,4.44166666666667
"625","Des Moines",2008,5.79166666666667
"626","Des Moines",2009,8.03333333333333
"627","Des Moines",2010,7.60833333333333
"628","Des Moines",2011,6.86666666666667
"629","Des Moines",2012,6.18333333333333
"630","Des Moines",2013,6.03333333333333
"631","Des Moines",2014,4.99166666666667
"632","Des Moines",2015,4.66666666666667
"633","Des Moines",2016,4.9
"634","Des Moines",2017,4.2
"635","Des Moines",2018,3.35833333333333
"636","Des Moines",2019,3.99166666666667
"637","Des Moines",2020,7.425
"638","Des Moines",2021,6.36666666666667
"639","Dickinson",2000,2.81666666666667
"640","Dickinson",2001,3.33333333333333
"641","Dickinson",2002,3.775
"642","Dickinson",2003,4.625
"643","Dickinson",2004,4.1
"644","Dickinson",2005,4.36666666666667
"645","Dickinson",2006,4.10833333333333
"646","Dickinson",2007,3.96666666666667
"647","Dickinson",2008,4.40833333333333
"648","Dickinson",2009,7.21666666666667
"649","Dickinson",2010,6.99166666666667
"650","Dickinson",2011,6.48333333333333
"651","Dickinson",2012,5.73333333333333
"652","Dickinson",2013,5.38333333333333
"653","Dickinson",2014,4.71666666666667
"654","Dickinson",2015,3.90833333333333
"655","Dickinson",2016,4.29166666666667
"656","Dickinson",2017,3.69166666666667
"657","Dickinson",2018,3.28333333333333
"658","Dickinson",2019,2.96666666666667
"659","Dickinson",2020,5.075
"660","Dickinson",2021,4.56666666666667
"661","Dubuque",2000,3.28333333333333
"662","Dubuque",2001,4.15
"663","Dubuque",2002,4.01666666666667
"664","Dubuque",2003,4.28333333333333
"665","Dubuque",2004,4.39166666666667
"666","Dubuque",2005,4.35833333333333
"667","Dubuque",2006,3.65833333333333
"668","Dubuque",2007,3.975
"669","Dubuque",2008,4.35
"670","Dubuque",2009,6.6
"671","Dubuque",2010,5.89166666666667
"672","Dubuque",2011,5.15833333333333
"673","Dubuque",2012,4.55
"674","Dubuque",2013,4.54166666666667
"675","Dubuque",2014,4.11666666666667
"676","Dubuque",2015,3.63333333333333
"677","Dubuque",2016,3.525
"678","Dubuque",2017,2.96666666666667
"679","Dubuque",2018,2.475
"680","Dubuque",2019,2.65833333333333
"681","Dubuque",2020,5.84166666666667
"682","Dubuque",2021,4.7
"683","Emmet",2000,2.90833333333333
"684","Emmet",2001,3.84166666666667
"685","Emmet",2002,4.48333333333333
"686","Emmet",2003,5.3
"687","Emmet",2004,4.51666666666667
"688","Emmet",2005,4.43333333333333
"689","Emmet",2006,4.025
"690","Emmet",2007,3.7
"691","Emmet",2008,3.94166666666667
"692","Emmet",2009,8.28333333333333
"693","Emmet",2010,7.175
"694","Emmet",2011,5.7
"695","Emmet",2012,4.49166666666667
"696","Emmet",2013,4.11666666666667
"697","Emmet",2014,3.94166666666667
"698","Emmet",2015,3.69166666666667
"699","Emmet",2016,4.23333333333333
"700","Emmet",2017,3.16666666666667
"701","Emmet",2018,2.8
"702","Emmet",2019,2.59166666666667
"703","Emmet",2020,4.93333333333333
"704","Emmet",2021,4.41666666666667
"705","Fayette",2000,3.84166666666667
"706","Fayette",2001,4.74166666666667
"707","Fayette",2002,4.80833333333333
"708","Fayette",2003,5.05833333333333
"709","Fayette",2004,5.26666666666667
"710","Fayette",2005,5.04166666666667
"711","Fayette",2006,4.525
"712","Fayette",2007,4.39166666666667
"713","Fayette",2008,5.275
"714","Fayette",2009,8.59166666666667
"715","Fayette",2010,7.28333333333333
"716","Fayette",2011,6.33333333333333
"717","Fayette",2012,5.43333333333333
"718","Fayette",2013,5.25833333333333
"719","Fayette",2014,5.00833333333333
"720","Fayette",2015,4.49166666666667
"721","Fayette",2016,4.38333333333333
"722","Fayette",2017,3.625
"723","Fayette",2018,3.03333333333333
"724","Fayette",2019,3.58333333333333
"725","Fayette",2020,5.46666666666667
"726","Fayette",2021,5.03333333333333
"727","Floyd",2000,3.775
"728","Floyd",2001,4.26666666666667
"729","Floyd",2002,4.725
"730","Floyd",2003,4.975
"731","Floyd",2004,4.925
"732","Floyd",2005,5.05
"733","Floyd",2006,4.66666666666667
"734","Floyd",2007,4.46666666666667
"735","Floyd",2008,5.8
"736","Floyd",2009,8.725
"737","Floyd",2010,7.40833333333333
"738","Floyd",2011,6.59166666666667
"739","Floyd",2012,6.25833333333333
"740","Floyd",2013,5.525
"741","Floyd",2014,4.525
"742","Floyd",2015,3.74166666666667
"743","Floyd",2016,3.59166666666667
"744","Floyd",2017,3.21666666666667
"745","Floyd",2018,2.76666666666667
"746","Floyd",2019,3.6
"747","Floyd",2020,6.03333333333333
"748","Floyd",2021,4.6
"749","Franklin",2000,2.79166666666667
"750","Franklin",2001,3.375
"751","Franklin",2002,4.225
"752","Franklin",2003,4.5
"753","Franklin",2004,4.69166666666667
"754","Franklin",2005,4.70833333333333
"755","Franklin",2006,3.84166666666667
"756","Franklin",2007,3.51666666666667
"757","Franklin",2008,4.4
"758","Franklin",2009,7.39166666666667
"759","Franklin",2010,6.34166666666667
"760","Franklin",2011,5.20833333333333
"761","Franklin",2012,4.50833333333333
"762","Franklin",2013,4.45833333333333
"763","Franklin",2014,3.96666666666667
"764","Franklin",2015,3.33333333333333
"765","Franklin",2016,3.44166666666667
"766","Franklin",2017,2.74166666666667
"767","Franklin",2018,2.18333333333333
"768","Franklin",2019,2.375
"769","Franklin",2020,3.775
"770","Franklin",2021,3.98333333333333
"771","Fremont",2000,2.40833333333333
"772","Fremont",2001,2.66666666666667
"773","Fremont",2002,2.68333333333333
"774","Fremont",2003,3.34166666666667
"775","Fremont",2004,4.03333333333333
"776","Fremont",2005,4
"777","Fremont",2006,3.75
"778","Fremont",2007,4.04166666666667
"779","Fremont",2008,4.46666666666667
"780","Fremont",2009,6.875
"781","Fremont",2010,6
"782","Fremont",2011,5.9
"783","Fremont",2012,5.15
"784","Fremont",2013,4.21666666666667
"785","Fremont",2014,3.84166666666667
"786","Fremont",2015,3.275
"787","Fremont",2016,3.26666666666667
"788","Fremont",2017,2.60833333333333
"789","Fremont",2018,1.925
"790","Fremont",2019,2.76666666666667
"791","Fremont",2020,3.125
"792","Fremont",2021,2.8
"793","Greene",2000,3.33333333333333
"794","Greene",2001,3.80833333333333
"795","Greene",2002,3.76666666666667
"796","Greene",2003,3.86666666666667
"797","Greene",2004,4.21666666666667
"798","Greene",2005,4.60833333333333
"799","Greene",2006,3.875
"800","Greene",2007,3.54166666666667
"801","Greene",2008,3.9
"802","Greene",2009,5.875
"803","Greene",2010,6
"804","Greene",2011,5.69166666666667
"805","Greene",2012,4.99166666666667
"806","Greene",2013,4.69166666666667
"807","Greene",2014,4.025
"808","Greene",2015,3.49166666666667
"809","Greene",2016,3.08333333333333
"810","Greene",2017,2.73333333333333
"811","Greene",2018,2.325
"812","Greene",2019,2.41666666666667
"813","Greene",2020,4.25
"814","Greene",2021,3.53333333333333
"815","Grundy",2000,2.325
"816","Grundy",2001,2.7
"817","Grundy",2002,3.18333333333333
"818","Grundy",2003,3.79166666666667
"819","Grundy",2004,3.59166666666667
"820","Grundy",2005,3.79166666666667
"821","Grundy",2006,3.03333333333333
"822","Grundy",2007,3.18333333333333
"823","Grundy",2008,3.55833333333333
"824","Grundy",2009,5.80833333333333
"825","Grundy",2010,5.8
"826","Grundy",2011,5.06666666666667
"827","Grundy",2012,4.55833333333333
"828","Grundy",2013,4.35833333333333
"829","Grundy",2014,4.15
"830","Grundy",2015,3.76666666666667
"831","Grundy",2016,3.41666666666667
"832","Grundy",2017,2.90833333333333
"833","Grundy",2018,2.55833333333333
"834","Grundy",2019,2.75833333333333
"835","Grundy",2020,4.39166666666667
"836","Grundy",2021,3.96666666666667
"837","Guthrie",2000,2.66666666666667
"838","Guthrie",2001,3.01666666666667
"839","Guthrie",2002,3.48333333333333
"840","Guthrie",2003,4.03333333333333
"841","Guthrie",2004,4.23333333333333
"842","Guthrie",2005,4.19166666666667
"843","Guthrie",2006,3.65833333333333
"844","Guthrie",2007,3.825
"845","Guthrie",2008,4.31666666666667
"846","Guthrie",2009,6.26666666666667
"847","Guthrie",2010,6.575
"848","Guthrie",2011,6.225
"849","Guthrie",2012,5.625
"850","Guthrie",2013,5.16666666666667
"851","Guthrie",2014,4.375
"852","Guthrie",2015,3.75
"853","Guthrie",2016,3.56666666666667
"854","Guthrie",2017,3.19166666666667
"855","Guthrie",2018,2.675
"856","Guthrie",2019,3.04166666666667
"857","Guthrie",2020,4.99166666666667
"858","Guthrie",2021,4.51666666666667
"859","Hamilton",2000,2.525
"860","Hamilton",2001,3.13333333333333
"861","Hamilton",2002,3.29166666666667
"862","Hamilton",2003,4.29166666666667
"863","Hamilton",2004,4.19166666666667
"864","Hamilton",2005,3.90833333333333
"865","Hamilton",2006,3.55
"866","Hamilton",2007,3.2
"867","Hamilton",2008,3.80833333333333
"868","Hamilton",2009,7.63333333333333
"869","Hamilton",2010,7.425
"870","Hamilton",2011,8.96666666666667
"871","Hamilton",2012,6.93333333333333
"872","Hamilton",2013,5.45
"873","Hamilton",2014,4.525
"874","Hamilton",2015,4.21666666666667
"875","Hamilton",2016,3.73333333333333
"876","Hamilton",2017,3.20833333333333
"877","Hamilton",2018,2.76666666666667
"878","Hamilton",2019,2.85833333333333
"879","Hamilton",2020,4.4
"880","Hamilton",2021,4.43333333333333
"881","Hancock",2000,2.225
"882","Hancock",2001,2.575
"883","Hancock",2002,2.875
"884","Hancock",2003,3.625
"885","Hancock",2004,3.48333333333333
"886","Hancock",2005,4.525
"887","Hancock",2006,3.575
"888","Hancock",2007,3.775
"889","Hancock",2008,6.35833333333333
"890","Hancock",2009,9.975
"891","Hancock",2010,6.75833333333333
"892","Hancock",2011,5.68333333333333
"893","Hancock",2012,4.6
"894","Hancock",2013,4.00833333333333
"895","Hancock",2014,3.29166666666667
"896","Hancock",2015,2.69166666666667
"897","Hancock",2016,2.675
"898","Hancock",2017,2.575
"899","Hancock",2018,2.36666666666667
"900","Hancock",2019,2.425
"901","Hancock",2020,4.64166666666667
"902","Hancock",2021,3.95
"903","Hardin",2000,3.10833333333333
"904","Hardin",2001,3.525
"905","Hardin",2002,4.21666666666667
"906","Hardin",2003,5.1
"907","Hardin",2004,5.31666666666667
"908","Hardin",2005,4.76666666666667
"909","Hardin",2006,3.73333333333333
"910","Hardin",2007,3.8
"911","Hardin",2008,4.25
"912","Hardin",2009,6.55833333333333
"913","Hardin",2010,6.63333333333333
"914","Hardin",2011,5.98333333333333
"915","Hardin",2012,5.36666666666667
"916","Hardin",2013,5.1
"917","Hardin",2014,4.325
"918","Hardin",2015,3.90833333333333
"919","Hardin",2016,3.85833333333333
"920","Hardin",2017,3.18333333333333
"921","Hardin",2018,2.90833333333333
"922","Hardin",2019,3.18333333333333
"923","Hardin",2020,4.64166666666667
"924","Hardin",2021,4.55
"925","Harrison",2000,2.7
"926","Harrison",2001,3.61666666666667
"927","Harrison",2002,3.65833333333333
"928","Harrison",2003,4.60833333333333
"929","Harrison",2004,5.025
"930","Harrison",2005,4.7
"931","Harrison",2006,4.26666666666667
"932","Harrison",2007,4.175
"933","Harrison",2008,4.18333333333333
"934","Harrison",2009,4.94166666666667
"935","Harrison",2010,5.675
"936","Harrison",2011,5.63333333333333
"937","Harrison",2012,5.06666666666667
"938","Harrison",2013,4.49166666666667
"939","Harrison",2014,4
"940","Harrison",2015,3.35833333333333
"941","Harrison",2016,3.35833333333333
"942","Harrison",2017,2.73333333333333
"943","Harrison",2018,2.29166666666667
"944","Harrison",2019,2.50833333333333
"945","Harrison",2020,4.04166666666667
"946","Harrison",2021,3.96666666666667
"947","Henry",2000,3
"948","Henry",2001,3.975
"949","Henry",2002,5.10833333333333
"950","Henry",2003,6.58333333333333
"951","Henry",2004,5.99166666666667
"952","Henry",2005,4.99166666666667
"953","Henry",2006,5.24166666666667
"954","Henry",2007,4.70833333333333
"955","Henry",2008,5.31666666666667
"956","Henry",2009,9.31666666666667
"957","Henry",2010,8.43333333333333
"958","Henry",2011,6.91666666666667
"959","Henry",2012,5.95833333333333
"960","Henry",2013,5.3
"961","Henry",2014,4.38333333333333
"962","Henry",2015,3.875
"963","Henry",2016,3.51666666666667
"964","Henry",2017,2.975
"965","Henry",2018,2.54166666666667
"966","Henry",2019,2.66666666666667
"967","Henry",2020,5.25
"968","Henry",2021,4.25
"969","Howard",2000,3.21666666666667
"970","Howard",2001,3.3
"971","Howard",2002,4.11666666666667
"972","Howard",2003,4.35
"973","Howard",2004,4.575
"974","Howard",2005,4.44166666666667
"975","Howard",2006,3.55833333333333
"976","Howard",2007,3.65
"977","Howard",2008,4.65833333333333
"978","Howard",2009,8.76666666666667
"979","Howard",2010,6.45833333333333
"980","Howard",2011,5.45833333333333
"981","Howard",2012,4.625
"982","Howard",2013,4.63333333333333
"983","Howard",2014,4.025
"984","Howard",2015,3.54166666666667
"985","Howard",2016,3.55
"986","Howard",2017,3.00833333333333
"987","Howard",2018,2.60833333333333
"988","Howard",2019,2.83333333333333
"989","Howard",2020,4.40833333333333
"990","Howard",2021,4.33333333333333
"991","Humboldt",2000,2.625
"992","Humboldt",2001,3.31666666666667
"993","Humboldt",2002,3.575
"994","Humboldt",2003,4.175
"995","Humboldt",2004,4.09166666666667
"996","Humboldt",2005,3.725
"997","Humboldt",2006,3.28333333333333
"998","Humboldt",2007,3.09166666666667
"999","Humboldt",2008,3.64166666666667
"1000","Humboldt",2009,5.94166666666667
"1001","Humboldt",2010,5.25833333333333
"1002","Humboldt",2011,5.1
"1003","Humboldt",2012,4.25833333333333
"1004","Humboldt",2013,4.09166666666667
"1005","Humboldt",2014,3.8
"1006","Humboldt",2015,3.29166666666667
"1007","Humboldt",2016,2.875
"1008","Humboldt",2017,3.01666666666667
"1009","Humboldt",2018,2.575
"1010","Humboldt",2019,2.675
"1011","Humboldt",2020,4.23333333333333
"1012","Humboldt",2021,3.76666666666667
"1013","Ida",2000,2.2
"1014","Ida",2001,2.68333333333333
"1015","Ida",2002,3.28333333333333
"1016","Ida",2003,3.825
"1017","Ida",2004,4.175
"1018","Ida",2005,4.00833333333333
"1019","Ida",2006,3.39166666666667
"1020","Ida",2007,3.33333333333333
"1021","Ida",2008,3.84166666666667
"1022","Ida",2009,5.43333333333333
"1023","Ida",2010,5.19166666666667
"1024","Ida",2011,4.93333333333333
"1025","Ida",2012,4.04166666666667
"1026","Ida",2013,3.96666666666667
"1027","Ida",2014,3.58333333333333
"1028","Ida",2015,3.075
"1029","Ida",2016,2.54166666666667
"1030","Ida",2017,2.34166666666667
"1031","Ida",2018,1.99166666666667
"1032","Ida",2019,1.99166666666667
"1033","Ida",2020,3.575
"1034","Ida",2021,3.55
"1035","Iowa",2000,2.50555555555556
"1036","Iowa",2001,3.025
"1037","Iowa",2002,3.8
"1038","Iowa",2003,4.20555555555556
"1039","Iowa",2004,4.41666666666667
"1040","Iowa",2005,4.34444444444444
"1041","Iowa",2006,3.66388888888889
"1042","Iowa",2007,3.70833333333333
"1043","Iowa",2008,4.16666666666667
"1044","Iowa",2009,6.64166666666667
"1045","Iowa",2010,5.94444444444444
"1046","Iowa",2011,5.45555555555556
"1047","Iowa",2012,4.88055555555556
"1048","Iowa",2013,4.54166666666667
"1049","Iowa",2014,4.21388888888889
"1050","Iowa",2015,3.625
"1051","Iowa",2016,3.41111111111111
"1052","Iowa",2017,2.92222222222222
"1053","Iowa",2018,2.44166666666667
"1054","Iowa",2019,2.58611111111111
"1055","Iowa",2020,4.97777777777778
"1056","Iowa",2021,4.20555555555556
"1057","Jackson",2000,3.65833333333333
"1058","Jackson",2001,4.73333333333333
"1059","Jackson",2002,5.20833333333333
"1060","Jackson",2003,6.04166666666667
"1061","Jackson",2004,5.6
"1062","Jackson",2005,5.325
"1063","Jackson",2006,4.74166666666667
"1064","Jackson",2007,4.66666666666667
"1065","Jackson",2008,5.15
"1066","Jackson",2009,8.35
"1067","Jackson",2010,7.35
"1068","Jackson",2011,6.625
"1069","Jackson",2012,5.49166666666667
"1070","Jackson",2013,5.38333333333333
"1071","Jackson",2014,5.05
"1072","Jackson",2015,4.18333333333333
"1073","Jackson",2016,4.13333333333333
"1074","Jackson",2017,3.38333333333333
"1075","Jackson",2018,2.83333333333333
"1076","Jackson",2019,3.15833333333333
"1077","Jackson",2020,6.06666666666667
"1078","Jackson",2021,5.56666666666667
"1079","Jasper",2000,2.525
"1080","Jasper",2001,3.11666666666667
"1081","Jasper",2002,4.13333333333333
"1082","Jasper",2003,5.06666666666667
"1083","Jasper",2004,5.70833333333333
"1084","Jasper",2005,5.88333333333333
"1085","Jasper",2006,5.08333333333333
"1086","Jasper",2007,6.35
"1087","Jasper",2008,7.625
"1088","Jasper",2009,8.56666666666667
"1089","Jasper",2010,7.46666666666667
"1090","Jasper",2011,6.825
"1091","Jasper",2012,6
"1092","Jasper",2013,5.09166666666667
"1093","Jasper",2014,4.4
"1094","Jasper",2015,3.84166666666667
"1095","Jasper",2016,3.50833333333333
"1096","Jasper",2017,3.10833333333333
"1097","Jasper",2018,2.725
"1098","Jasper",2019,2.96666666666667
"1099","Jasper",2020,5.30833333333333
"1100","Jasper",2021,4.6
"1101","Jefferson",2000,2.90833333333333
"1102","Jefferson",2001,5.01666666666667
"1103","Jefferson",2002,5.65833333333333
"1104","Jefferson",2003,5.43333333333333
"1105","Jefferson",2004,5.18333333333333
"1106","Jefferson",2005,4.675
"1107","Jefferson",2006,4.18333333333333
"1108","Jefferson",2007,4.10833333333333
"1109","Jefferson",2008,4.425
"1110","Jefferson",2009,8.625
"1111","Jefferson",2010,7.24166666666667
"1112","Jefferson",2011,6.09166666666667
"1113","Jefferson",2012,5.28333333333333
"1114","Jefferson",2013,4.95833333333333
"1115","Jefferson",2014,4.35833333333333
"1116","Jefferson",2015,3.8
"1117","Jefferson",2016,3.64166666666667
"1118","Jefferson",2017,3.05
"1119","Jefferson",2018,2.31666666666667
"1120","Jefferson",2019,2.48333333333333
"1121","Jefferson",2020,5.76666666666667
"1122","Jefferson",2021,4.48333333333333
"1123","Johnson",2000,1.86666666666667
"1124","Johnson",2001,2.18333333333333
"1125","Johnson",2002,2.70833333333333
"1126","Johnson",2003,3.04166666666667
"1127","Johnson",2004,3.33333333333333
"1128","Johnson",2005,3.175
"1129","Johnson",2006,2.6
"1130","Johnson",2007,2.70833333333333
"1131","Johnson",2008,2.975
"1132","Johnson",2009,4.46666666666667
"1133","Johnson",2010,4.30833333333333
"1134","Johnson",2011,4.10833333333333
"1135","Johnson",2012,3.7
"1136","Johnson",2013,3.40833333333333
"1137","Johnson",2014,3.06666666666667
"1138","Johnson",2015,2.63333333333333
"1139","Johnson",2016,2.55833333333333
"1140","Johnson",2017,2.475
"1141","Johnson",2018,1.99166666666667
"1142","Johnson",2019,2.03333333333333
"1143","Johnson",2020,4.80833333333333
"1144","Johnson",2021,3.95
"1145","Jones",2000,2.66666666666667
"1146","Jones",2001,3.75
"1147","Jones",2002,4.63333333333333
"1148","Jones",2003,5.15
"1149","Jones",2004,5.03333333333333
"1150","Jones",2005,4.78333333333333
"1151","Jones",2006,3.81666666666667
"1152","Jones",2007,4.14166666666667
"1153","Jones",2008,4.44166666666667
"1154","Jones",2009,7.13333333333333
"1155","Jones",2010,6.45833333333333
"1156","Jones",2011,5.90833333333333
"1157","Jones",2012,5.275
"1158","Jones",2013,5.31666666666667
"1159","Jones",2014,4.91666666666667
"1160","Jones",2015,4.125
"1161","Jones",2016,4.24166666666667
"1162","Jones",2017,3.63333333333333
"1163","Jones",2018,3.05
"1164","Jones",2019,3.20833333333333
"1165","Jones",2020,5.675
"1166","Jones",2021,5.03333333333333
"1167","Keokuk",2000,3.26666666666667
"1168","Keokuk",2001,4
"1169","Keokuk",2002,4.45833333333333
"1170","Keokuk",2003,4.55
"1171","Keokuk",2004,4.81666666666667
"1172","Keokuk",2005,4.76666666666667
"1173","Keokuk",2006,4.00833333333333
"1174","Keokuk",2007,4.19166666666667
"1175","Keokuk",2008,4.50833333333333
"1176","Keokuk",2009,7.975
"1177","Keokuk",2010,6.63333333333333
"1178","Keokuk",2011,6.23333333333333
"1179","Keokuk",2012,5.5
"1180","Keokuk",2013,5.075
"1181","Keokuk",2014,4.43333333333333
"1182","Keokuk",2015,4.20833333333333
"1183","Keokuk",2016,4.25
"1184","Keokuk",2017,3.55833333333333
"1185","Keokuk",2018,2.975
"1186","Keokuk",2019,3.26666666666667
"1187","Keokuk",2020,4.925
"1188","Keokuk",2021,4.73333333333333
"1189","Kossuth",2000,2.6
"1190","Kossuth",2001,2.89166666666667
"1191","Kossuth",2002,3.56666666666667
"1192","Kossuth",2003,4.4
"1193","Kossuth",2004,4.35
"1194","Kossuth",2005,4
"1195","Kossuth",2006,3.24166666666667
"1196","Kossuth",2007,3.59166666666667
"1197","Kossuth",2008,3.93333333333333
"1198","Kossuth",2009,5.88333333333333
"1199","Kossuth",2010,5.16666666666667
"1200","Kossuth",2011,4.44166666666667
"1201","Kossuth",2012,3.9
"1202","Kossuth",2013,3.55833333333333
"1203","Kossuth",2014,3.225
"1204","Kossuth",2015,2.81666666666667
"1205","Kossuth",2016,2.59166666666667
"1206","Kossuth",2017,2.35833333333333
"1207","Kossuth",2018,2.08333333333333
"1208","Kossuth",2019,2.225
"1209","Kossuth",2020,3.8
"1210","Kossuth",2021,3.45
"1211","Lee",2000,4.53333333333333
"1212","Lee",2001,6.45833333333333
"1213","Lee",2002,7.48333333333333
"1214","Lee",2003,7.63333333333333
"1215","Lee",2004,7.03333333333333
"1216","Lee",2005,6.59166666666667
"1217","Lee",2006,6.16666666666667
"1218","Lee",2007,5.75833333333333
"1219","Lee",2008,6.48333333333333
"1220","Lee",2009,10.2333333333333
"1221","Lee",2010,9.025
"1222","Lee",2011,8.24166666666667
"1223","Lee",2012,7.2
"1224","Lee",2013,7.125
"1225","Lee",2014,5.88333333333333
"1226","Lee",2015,5.30833333333333
"1227","Lee",2016,5.96666666666667
"1228","Lee",2017,5.40833333333333
"1229","Lee",2018,4.10833333333333
"1230","Lee",2019,3.94166666666667
"1231","Lee",2020,6.5
"1232","Lee",2021,6.06666666666667
"1233","Linn",2000,2.30833333333333
"1234","Linn",2001,3.15833333333333
"1235","Linn",2002,4.475
"1236","Linn",2003,4.775
"1237","Linn",2004,4.71666666666667
"1238","Linn",2005,4.3
"1239","Linn",2006,3.625
"1240","Linn",2007,3.675
"1241","Linn",2008,4.01666666666667
"1242","Linn",2009,6.05
"1243","Linn",2010,6.09166666666667
"1244","Linn",2011,5.78333333333333
"1245","Linn",2012,5.24166666666667
"1246","Linn",2013,5.01666666666667
"1247","Linn",2014,4.39166666666667
"1248","Linn",2015,3.75
"1249","Linn",2016,3.65
"1250","Linn",2017,3.33333333333333
"1251","Linn",2018,2.85
"1252","Linn",2019,2.925
"1253","Linn",2020,6.34166666666667
"1254","Linn",2021,5.4
"1255","Louisa",2000,2.98333333333333
"1256","Louisa",2001,3.46666666666667
"1257","Louisa",2002,4.58333333333333
"1258","Louisa",2003,4.60833333333333
"1259","Louisa",2004,4.61666666666667
"1260","Louisa",2005,4.425
"1261","Louisa",2006,3.76666666666667
"1262","Louisa",2007,3.66666666666667
"1263","Louisa",2008,4.775
"1264","Louisa",2009,8.26666666666667
"1265","Louisa",2010,7.39166666666667
"1266","Louisa",2011,6.21666666666667
"1267","Louisa",2012,5.49166666666667
"1268","Louisa",2013,5.05833333333333
"1269","Louisa",2014,4.5
"1270","Louisa",2015,3.75833333333333
"1271","Louisa",2016,3.875
"1272","Louisa",2017,3.25833333333333
"1273","Louisa",2018,2.69166666666667
"1274","Louisa",2019,3.075
"1275","Louisa",2020,4.99166666666667
"1276","Louisa",2021,4.51666666666667
"1277","Lucas",2000,2.81666666666667
"1278","Lucas",2001,3.45
"1279","Lucas",2002,4.48333333333333
"1280","Lucas",2003,5.225
"1281","Lucas",2004,5.45
"1282","Lucas",2005,5.19166666666667
"1283","Lucas",2006,4.1
"1284","Lucas",2007,3.84166666666667
"1285","Lucas",2008,4.08333333333333
"1286","Lucas",2009,6.38333333333333
"1287","Lucas",2010,6.20833333333333
"1288","Lucas",2011,5.36666666666667
"1289","Lucas",2012,4.775
"1290","Lucas",2013,4.71666666666667
"1291","Lucas",2014,3.89166666666667
"1292","Lucas",2015,3.49166666666667
"1293","Lucas",2016,3.14166666666667
"1294","Lucas",2017,2.78333333333333
"1295","Lucas",2018,2.04166666666667
"1296","Lucas",2019,2.06666666666667
"1297","Lucas",2020,3.64166666666667
"1298","Lucas",2021,3.23333333333333
"1299","Lyon",2000,2.025
"1300","Lyon",2001,2.375
"1301","Lyon",2002,3.31666666666667
"1302","Lyon",2003,3.525
"1303","Lyon",2004,3.28333333333333
"1304","Lyon",2005,2.94166666666667
"1305","Lyon",2006,2.28333333333333
"1306","Lyon",2007,2.39166666666667
"1307","Lyon",2008,2.63333333333333
"1308","Lyon",2009,4.275
"1309","Lyon",2010,3.925
"1310","Lyon",2011,3.2
"1311","Lyon",2012,2.95833333333333
"1312","Lyon",2013,2.9
"1313","Lyon",2014,2.54166666666667
"1314","Lyon",2015,1.98333333333333
"1315","Lyon",2016,2.03333333333333
"1316","Lyon",2017,1.73333333333333
"1317","Lyon",2018,1.56666666666667
"1318","Lyon",2019,1.65833333333333
"1319","Lyon",2020,2.5
"1320","Lyon",2021,2.43333333333333
"1321","Madison",2000,3.14166666666667
"1322","Madison",2001,3.39166666666667
"1323","Madison",2002,4.13333333333333
"1324","Madison",2003,4.43333333333333
"1325","Madison",2004,4.74166666666667
"1326","Madison",2005,4.56666666666667
"1327","Madison",2006,3.91666666666667
"1328","Madison",2007,4.125
"1329","Madison",2008,4.775
"1330","Madison",2009,6.71666666666667
"1331","Madison",2010,6.525
"1332","Madison",2011,6.05833333333333
"1333","Madison",2012,5.60833333333333
"1334","Madison",2013,5.05
"1335","Madison",2014,4.525
"1336","Madison",2015,3.88333333333333
"1337","Madison",2016,3.525
"1338","Madison",2017,3.59166666666667
"1339","Madison",2018,3.25833333333333
"1340","Madison",2019,3.68333333333333
"1341","Madison",2020,5.725
"1342","Madison",2021,4.98333333333333
"1343","Mahaska",2000,2.39166666666667
"1344","Mahaska",2001,3.475
"1345","Mahaska",2002,4.44166666666667
"1346","Mahaska",2003,4.81666666666667
"1347","Mahaska",2004,4.45
"1348","Mahaska",2005,4.31666666666667
"1349","Mahaska",2006,3.65
"1350","Mahaska",2007,3.625
"1351","Mahaska",2008,4.50833333333333
"1352","Mahaska",2009,8.26666666666667
"1353","Mahaska",2010,6.88333333333333
"1354","Mahaska",2011,5.94166666666667
"1355","Mahaska",2012,5.2
"1356","Mahaska",2013,4.80833333333333
"1357","Mahaska",2014,4.36666666666667
"1358","Mahaska",2015,3.91666666666667
"1359","Mahaska",2016,3.65833333333333
"1360","Mahaska",2017,3.2
"1361","Mahaska",2018,2.55
"1362","Mahaska",2019,2.55
"1363","Mahaska",2020,4.73333333333333
"1364","Mahaska",2021,3.93333333333333
"1365","Marion",2000,2.26666666666667
"1366","Marion",2001,3.325
"1367","Marion",2002,4.33333333333333
"1368","Marion",2003,4.54166666666667
"1369","Marion",2004,4.3
"1370","Marion",2005,3.96666666666667
"1371","Marion",2006,3.45
"1372","Marion",2007,3.575
"1373","Marion",2008,3.98333333333333
"1374","Marion",2009,6.64166666666667
"1375","Marion",2010,6.04166666666667
"1376","Marion",2011,5.50833333333333
"1377","Marion",2012,4.83333333333333
"1378","Marion",2013,4.45833333333333
"1379","Marion",2014,3.80833333333333
"1380","Marion",2015,3.23333333333333
"1381","Marion",2016,3
"1382","Marion",2017,2.60833333333333
"1383","Marion",2018,2.1
"1384","Marion",2019,2.14166666666667
"1385","Marion",2020,4.19166666666667
"1386","Marion",2021,3.4
"1387","Marshall",2000,2.74166666666667
"1388","Marshall",2001,3.20833333333333
"1389","Marshall",2002,4.075
"1390","Marshall",2003,5.275
"1391","Marshall",2004,5.175
"1392","Marshall",2005,4.80833333333333
"1393","Marshall",2006,3.69166666666667
"1394","Marshall",2007,4.05
"1395","Marshall",2008,5.1
"1396","Marshall",2009,7.31666666666667
"1397","Marshall",2010,6.95
"1398","Marshall",2011,6.675
"1399","Marshall",2012,6.44166666666667
"1400","Marshall",2013,6.00833333333333
"1401","Marshall",2014,5.38333333333333
"1402","Marshall",2015,5.00833333333333
"1403","Marshall",2016,4.85
"1404","Marshall",2017,4.55833333333333
"1405","Marshall",2018,4.55833333333333
"1406","Marshall",2019,4.53333333333333
"1407","Marshall",2020,7.04166666666667
"1408","Marshall",2021,7.18333333333333
"1409","Mills",2000,2.04166666666667
"1410","Mills",2001,2.85
"1411","Mills",2002,2.73333333333333
"1412","Mills",2003,3.775
"1413","Mills",2004,4.175
"1414","Mills",2005,4.08333333333333
"1415","Mills",2006,3.75
"1416","Mills",2007,3.7
"1417","Mills",2008,3.64166666666667
"1418","Mills",2009,4.6
"1419","Mills",2010,5.33333333333333
"1420","Mills",2011,5.03333333333333
"1421","Mills",2012,4.61666666666667
"1422","Mills",2013,4.38333333333333
"1423","Mills",2014,4.35833333333333
"1424","Mills",2015,4.04166666666667
"1425","Mills",2016,3.60833333333333
"1426","Mills",2017,2.75
"1427","Mills",2018,2.14166666666667
"1428","Mills",2019,2.35833333333333
"1429","Mills",2020,3.925
"1430","Mills",2021,3.46666666666667
"1431","Mitchell",2000,2.79166666666667
"1432","Mitchell",2001,2.925
"1433","Mitchell",2002,3.55833333333333
"1434","Mitchell",2003,3.68333333333333
"1435","Mitchell",2004,3.85833333333333
"1436","Mitchell",2005,4.275
"1437","Mitchell",2006,3.35833333333333
"1438","Mitchell",2007,3.35833333333333
"1439","Mitchell",2008,4.03333333333333
"1440","Mitchell",2009,5.88333333333333
"1441","Mitchell",2010,5.25833333333333
"1442","Mitchell",2011,4.80833333333333
"1443","Mitchell",2012,4.575
"1444","Mitchell",2013,4.31666666666667
"1445","Mitchell",2014,3.55833333333333
"1446","Mitchell",2015,2.79166666666667
"1447","Mitchell",2016,2.6
"1448","Mitchell",2017,2.13333333333333
"1449","Mitchell",2018,1.86666666666667
"1450","Mitchell",2019,1.75833333333333
"1451","Mitchell",2020,3.375
"1452","Mitchell",2021,3.08333333333333
"1453","Monona",2000,3.15833333333333
"1454","Monona",2001,3.64166666666667
"1455","Monona",2002,4.26666666666667
"1456","Monona",2003,5.11666666666667
"1457","Monona",2004,5.725
"1458","Monona",2005,5.73333333333333
"1459","Monona",2006,5.4
"1460","Monona",2007,5.48333333333333
"1461","Monona",2008,5.36666666666667
"1462","Monona",2009,7.475
"1463","Monona",2010,7.31666666666667
"1464","Monona",2011,7.03333333333333
"1465","Monona",2012,6.40833333333333
"1466","Monona",2013,5.74166666666667
"1467","Monona",2014,4.98333333333333
"1468","Monona",2015,4.35833333333333
"1469","Monona",2016,4.05
"1470","Monona",2017,3.61666666666667
"1471","Monona",2018,2.825
"1472","Monona",2019,2.99166666666667
"1473","Monona",2020,4.76666666666667
"1474","Monona",2021,4.86666666666667
"1475","Monroe",2000,3.11666666666667
"1476","Monroe",2001,4.36666666666667
"1477","Monroe",2002,4.925
"1478","Monroe",2003,5.61666666666667
"1479","Monroe",2004,5.29166666666667
"1480","Monroe",2005,5.075
"1481","Monroe",2006,3.96666666666667
"1482","Monroe",2007,4.11666666666667
"1483","Monroe",2008,4.43333333333333
"1484","Monroe",2009,7.58333333333333
"1485","Monroe",2010,7.35
"1486","Monroe",2011,6.80833333333333
"1487","Monroe",2012,5.79166666666667
"1488","Monroe",2013,5.73333333333333
"1489","Monroe",2014,5.05
"1490","Monroe",2015,4.38333333333333
"1491","Monroe",2016,4.575
"1492","Monroe",2017,3.775
"1493","Monroe",2018,3.025
"1494","Monroe",2019,3.06666666666667
"1495","Monroe",2020,5.16666666666667
"1496","Monroe",2021,4.26666666666667
"1497","Montgomery",2000,3.28333333333333
"1498","Montgomery",2001,4.65833333333333
"1499","Montgomery",2002,5.35
"1500","Montgomery",2003,4.95
"1501","Montgomery",2004,4.21666666666667
"1502","Montgomery",2005,4.36666666666667
"1503","Montgomery",2006,5.50833333333333
"1504","Montgomery",2007,6.225
"1505","Montgomery",2008,5.675
"1506","Montgomery",2009,8.925
"1507","Montgomery",2010,8.225
"1508","Montgomery",2011,5.95
"1509","Montgomery",2012,5.1
"1510","Montgomery",2013,4.89166666666667
"1511","Montgomery",2014,4.10833333333333
"1512","Montgomery",2015,3.525
"1513","Montgomery",2016,3.50833333333333
"1514","Montgomery",2017,3.14166666666667
"1515","Montgomery",2018,2.48333333333333
"1516","Montgomery",2019,2.66666666666667
"1517","Montgomery",2020,4.65
"1518","Montgomery",2021,4.26666666666667
"1519","Muscatine",2000,2.75833333333333
"1520","Muscatine",2001,3.55
"1521","Muscatine",2002,4.05833333333333
"1522","Muscatine",2003,4.23333333333333
"1523","Muscatine",2004,4.16666666666667
"1524","Muscatine",2005,3.88333333333333
"1525","Muscatine",2006,3.2
"1526","Muscatine",2007,3.38333333333333
"1527","Muscatine",2008,4.35833333333333
"1528","Muscatine",2009,8.69166666666667
"1529","Muscatine",2010,8.15
"1530","Muscatine",2011,6.70833333333333
"1531","Muscatine",2012,5.76666666666667
"1532","Muscatine",2013,5.225
"1533","Muscatine",2014,4.50833333333333
"1534","Muscatine",2015,3.825
"1535","Muscatine",2016,3.775
"1536","Muscatine",2017,3.25
"1537","Muscatine",2018,2.725
"1538","Muscatine",2019,2.875
"1539","Muscatine",2020,5.925
"1540","Muscatine",2021,5.18333333333333
"1541","O'Brien",2000,2.325
"1542","O'Brien",2001,2.59166666666667
"1543","O'Brien",2002,3.15
"1544","O'Brien",2003,3.81666666666667
"1545","O'Brien",2004,3.75833333333333
"1546","O'Brien",2005,3.80833333333333
"1547","O'Brien",2006,3.00833333333333
"1548","O'Brien",2007,3.03333333333333
"1549","O'Brien",2008,3.3
"1550","O'Brien",2009,5.275
"1551","O'Brien",2010,4.75
"1552","O'Brien",2011,4.25833333333333
"1553","O'Brien",2012,3.8
"1554","O'Brien",2013,3.65
"1555","O'Brien",2014,3.25833333333333
"1556","O'Brien",2015,2.8
"1557","O'Brien",2016,2.75833333333333
"1558","O'Brien",2017,2.40833333333333
"1559","O'Brien",2018,2.025
"1560","O'Brien",2019,2.175
"1561","O'Brien",2020,3.36666666666667
"1562","O'Brien",2021,3.16666666666667
"1563","Osceola",2000,2.5
"1564","Osceola",2001,3.11666666666667
"1565","Osceola",2002,3.06666666666667
"1566","Osceola",2003,3.725
"1567","Osceola",2004,3.78333333333333
"1568","Osceola",2005,3.99166666666667
"1569","Osceola",2006,3.425
"1570","Osceola",2007,3.33333333333333
"1571","Osceola",2008,3.80833333333333
"1572","Osceola",2009,6.16666666666667
"1573","Osceola",2010,5.01666666666667
"1574","Osceola",2011,4.53333333333333
"1575","Osceola",2012,4.16666666666667
"1576","Osceola",2013,3.83333333333333
"1577","Osceola",2014,3.31666666666667
"1578","Osceola",2015,2.825
"1579","Osceola",2016,2.63333333333333
"1580","Osceola",2017,2.06666666666667
"1581","Osceola",2018,1.96666666666667
"1582","Osceola",2019,1.95833333333333
"1583","Osceola",2020,2.875
"1584","Osceola",2021,2.58333333333333
"1585","Page",2000,3.25
"1586","Page",2001,5.04166666666667
"1587","Page",2002,4.775
"1588","Page",2003,4.75
"1589","Page",2004,4.21666666666667
"1590","Page",2005,3.86666666666667
"1591","Page",2006,3.825
"1592","Page",2007,4.60833333333333
"1593","Page",2008,4.75833333333333
"1594","Page",2009,8.56666666666667
"1595","Page",2010,6.925
"1596","Page",2011,5.81666666666667
"1597","Page",2012,5.43333333333333
"1598","Page",2013,5.29166666666667
"1599","Page",2014,4.425
"1600","Page",2015,4.1
"1601","Page",2016,4.975
"1602","Page",2017,3.86666666666667
"1603","Page",2018,2.58333333333333
"1604","Page",2019,2.575
"1605","Page",2020,4.975
"1606","Page",2021,4.2
"1607","Palo Alto",2000,2.33333333333333
"1608","Palo Alto",2001,3.73333333333333
"1609","Palo Alto",2002,3.63333333333333
"1610","Palo Alto",2003,3.80833333333333
"1611","Palo Alto",2004,3.83333333333333
"1612","Palo Alto",2005,3.98333333333333
"1613","Palo Alto",2006,3.21666666666667
"1614","Palo Alto",2007,3.38333333333333
"1615","Palo Alto",2008,4.18333333333333
"1616","Palo Alto",2009,7.06666666666667
"1617","Palo Alto",2010,6.14166666666667
"1618","Palo Alto",2011,4.775
"1619","Palo Alto",2012,4.29166666666667
"1620","Palo Alto",2013,3.74166666666667
"1621","Palo Alto",2014,3.6
"1622","Palo Alto",2015,3.05
"1623","Palo Alto",2016,3.075
"1624","Palo Alto",2017,2.65833333333333
"1625","Palo Alto",2018,2.24166666666667
"1626","Palo Alto",2019,2.225
"1627","Palo Alto",2020,4.6
"1628","Palo Alto",2021,3.6
"1629","Plymouth",2000,2.58333333333333
"1630","Plymouth",2001,2.89166666666667
"1631","Plymouth",2002,3.4
"1632","Plymouth",2003,3.74166666666667
"1633","Plymouth",2004,3.88333333333333
"1634","Plymouth",2005,3.525
"1635","Plymouth",2006,3.125
"1636","Plymouth",2007,3.05833333333333
"1637","Plymouth",2008,3.325
"1638","Plymouth",2009,4.675
"1639","Plymouth",2010,4.55833333333333
"1640","Plymouth",2011,4.53333333333333
"1641","Plymouth",2012,4.10833333333333
"1642","Plymouth",2013,3.99166666666667
"1643","Plymouth",2014,3.425
"1644","Plymouth",2015,2.79166666666667
"1645","Plymouth",2016,2.54166666666667
"1646","Plymouth",2017,2.36666666666667
"1647","Plymouth",2018,1.95
"1648","Plymouth",2019,2.26666666666667
"1649","Plymouth",2020,3.61666666666667
"1650","Plymouth",2021,3.13333333333333
"1651","Pocahontas",2000,2.76666666666667
"1652","Pocahontas",2001,3.45
"1653","Pocahontas",2002,4.46666666666667
"1654","Pocahontas",2003,5.65833333333333
"1655","Pocahontas",2004,5.25
"1656","Pocahontas",2005,4.175
"1657","Pocahontas",2006,3.03333333333333
"1658","Pocahontas",2007,3.18333333333333
"1659","Pocahontas",2008,3.14166666666667
"1660","Pocahontas",2009,5.75833333333333
"1661","Pocahontas",2010,5.18333333333333
"1662","Pocahontas",2011,4.46666666666667
"1663","Pocahontas",2012,4.06666666666667
"1664","Pocahontas",2013,3.81666666666667
"1665","Pocahontas",2014,3.50833333333333
"1666","Pocahontas",2015,3.03333333333333
"1667","Pocahontas",2016,2.81666666666667
"1668","Pocahontas",2017,2.40833333333333
"1669","Pocahontas",2018,1.88333333333333
"1670","Pocahontas",2019,1.93333333333333
"1671","Pocahontas",2020,3.5
"1672","Pocahontas",2021,3.28333333333333
"1673","Polk",2000,2.35833333333333
"1674","Polk",2001,2.90833333333333
"1675","Polk",2002,3.66666666666667
"1676","Polk",2003,4.075
"1677","Polk",2004,4.49166666666667
"1678","Polk",2005,4.025
"1679","Polk",2006,3.39166666666667
"1680","Polk",2007,3.49166666666667
"1681","Polk",2008,4.01666666666667
"1682","Polk",2009,6.14166666666667
"1683","Polk",2010,6.06666666666667
"1684","Polk",2011,5.79166666666667
"1685","Polk",2012,5.2
"1686","Polk",2013,4.80833333333333
"1687","Polk",2014,4.21666666666667
"1688","Polk",2015,3.64166666666667
"1689","Polk",2016,3.43333333333333
"1690","Polk",2017,3.04166666666667
"1691","Polk",2018,2.625
"1692","Polk",2019,2.86666666666667
"1693","Polk",2020,5.98333333333333
"1694","Polk",2021,4.81666666666667
"1695","Pottawattamie",2000,2.38333333333333
"1696","Pottawattamie",2001,3.125
"1697","Pottawattamie",2002,3.34166666666667
"1698","Pottawattamie",2003,4.7
"1699","Pottawattamie",2004,5.025
"1700","Pottawattamie",2005,4.93333333333333
"1701","Pottawattamie",2006,4.39166666666667
"1702","Pottawattamie",2007,4.26666666666667
"1703","Pottawattamie",2008,4.19166666666667
"1704","Pottawattamie",2009,5.10833333333333
"1705","Pottawattamie",2010,5.88333333333333
"1706","Pottawattamie",2011,5.68333333333333
"1707","Pottawattamie",2012,5.08333333333333
"1708","Pottawattamie",2013,4.56666666666667
"1709","Pottawattamie",2014,4.275
"1710","Pottawattamie",2015,3.64166666666667
"1711","Pottawattamie",2016,3.35833333333333
"1712","Pottawattamie",2017,2.775
"1713","Pottawattamie",2018,2.40833333333333
"1714","Pottawattamie",2019,2.49166666666667
"1715","Pottawattamie",2020,5.23333333333333
"1716","Pottawattamie",2021,4.33333333333333
"1717","Poweshiek",2000,2.74166666666667
"1718","Poweshiek",2001,3.225
"1719","Poweshiek",2002,4.03333333333333
"1720","Poweshiek",2003,4.63333333333333
"1721","Poweshiek",2004,4.74166666666667
"1722","Poweshiek",2005,4.61666666666667
"1723","Poweshiek",2006,3.8
"1724","Poweshiek",2007,3.925
"1725","Poweshiek",2008,4.50833333333333
"1726","Poweshiek",2009,6.83333333333333
"1727","Poweshiek",2010,5.90833333333333
"1728","Poweshiek",2011,5.68333333333333
"1729","Poweshiek",2012,4.89166666666667
"1730","Poweshiek",2013,4.65
"1731","Poweshiek",2014,4.28333333333333
"1732","Poweshiek",2015,3.59166666666667
"1733","Poweshiek",2016,3.40833333333333
"1734","Poweshiek",2017,3.13333333333333
"1735","Poweshiek",2018,2.425
"1736","Poweshiek",2019,2.66666666666667
"1737","Poweshiek",2020,4.93333333333333
"1738","Poweshiek",2021,4.85
"1739","Ringgold",2000,3.01666666666667
"1740","Ringgold",2001,3.15833333333333
"1741","Ringgold",2002,3.74166666666667
"1742","Ringgold",2003,4.63333333333333
"1743","Ringgold",2004,5.11666666666667
"1744","Ringgold",2005,4.6
"1745","Ringgold",2006,3.99166666666667
"1746","Ringgold",2007,4.15
"1747","Ringgold",2008,4.53333333333333
"1748","Ringgold",2009,5.55833333333333
"1749","Ringgold",2010,4.8
"1750","Ringgold",2011,4.69166666666667
"1751","Ringgold",2012,4.44166666666667
"1752","Ringgold",2013,4.275
"1753","Ringgold",2014,3.86666666666667
"1754","Ringgold",2015,3.325
"1755","Ringgold",2016,3.45833333333333
"1756","Ringgold",2017,3.03333333333333
"1757","Ringgold",2018,2.84166666666667
"1758","Ringgold",2019,2.91666666666667
"1759","Ringgold",2020,3.9
"1760","Ringgold",2021,3.6
"1761","Sac",2000,2.64166666666667
"1762","Sac",2001,2.93333333333333
"1763","Sac",2002,3.44166666666667
"1764","Sac",2003,4.04166666666667
"1765","Sac",2004,3.98333333333333
"1766","Sac",2005,3.975
"1767","Sac",2006,3.30833333333333
"1768","Sac",2007,3.45833333333333
"1769","Sac",2008,3.68333333333333
"1770","Sac",2009,5.08333333333333
"1771","Sac",2010,4.76666666666667
"1772","Sac",2011,4.5
"1773","Sac",2012,4.26666666666667
"1774","Sac",2013,4.225
"1775","Sac",2014,3.925
"1776","Sac",2015,3.29166666666667
"1777","Sac",2016,2.96666666666667
"1778","Sac",2017,2.825
"1779","Sac",2018,2.41666666666667
"1780","Sac",2019,2.38333333333333
"1781","Sac",2020,3.51666666666667
"1782","Sac",2021,3.55
"1783","Scott",2000,3.275
"1784","Scott",2001,3.99166666666667
"1785","Scott",2002,4.61666666666667
"1786","Scott",2003,4.71666666666667
"1787","Scott",2004,4.83333333333333
"1788","Scott",2005,4.475
"1789","Scott",2006,3.76666666666667
"1790","Scott",2007,3.74166666666667
"1791","Scott",2008,4.19166666666667
"1792","Scott",2009,7.06666666666667
"1793","Scott",2010,6.75833333333333
"1794","Scott",2011,6.24166666666667
"1795","Scott",2012,5.75
"1796","Scott",2013,5.58333333333333
"1797","Scott",2014,5.18333333333333
"1798","Scott",2015,4.625
"1799","Scott",2016,4.46666666666667
"1800","Scott",2017,3.65
"1801","Scott",2018,3.01666666666667
"1802","Scott",2019,3.36666666666667
"1803","Scott",2020,6.79166666666667
"1804","Scott",2021,5.8
"1805","Shelby",2000,2.4
"1806","Shelby",2001,2.66666666666667
"1807","Shelby",2002,3.35833333333333
"1808","Shelby",2003,3.65833333333333
"1809","Shelby",2004,3.825
"1810","Shelby",2005,3.74166666666667
"1811","Shelby",2006,3.125
"1812","Shelby",2007,3.25833333333333
"1813","Shelby",2008,3.025
"1814","Shelby",2009,4
"1815","Shelby",2010,4.65833333333333
"1816","Shelby",2011,4.4
"1817","Shelby",2012,3.775
"1818","Shelby",2013,3.76666666666667
"1819","Shelby",2014,3.14166666666667
"1820","Shelby",2015,2.84166666666667
"1821","Shelby",2016,2.89166666666667
"1822","Shelby",2017,2.375
"1823","Shelby",2018,2.025
"1824","Shelby",2019,2.125
"1825","Shelby",2020,3.60833333333333
"1826","Shelby",2021,3.45
"1827","Sioux",2000,1.95833333333333
"1828","Sioux",2001,2.375
"1829","Sioux",2002,2.76666666666667
"1830","Sioux",2003,3
"1831","Sioux",2004,2.98333333333333
"1832","Sioux",2005,2.925
"1833","Sioux",2006,2.425
"1834","Sioux",2007,2.55833333333333
"1835","Sioux",2008,2.79166666666667
"1836","Sioux",2009,4.34166666666667
"1837","Sioux",2010,4
"1838","Sioux",2011,3.75
"1839","Sioux",2012,3.45833333333333
"1840","Sioux",2013,3.46666666666667
"1841","Sioux",2014,2.94166666666667
"1842","Sioux",2015,2.425
"1843","Sioux",2016,2.275
"1844","Sioux",2017,1.99166666666667
"1845","Sioux",2018,1.83333333333333
"1846","Sioux",2019,1.89166666666667
"1847","Sioux",2020,2.69166666666667
"1848","Sioux",2021,2.68333333333333
"1849","Story",2000,1.8
"1850","Story",2001,2.08333333333333
"1851","Story",2002,2.55
"1852","Story",2003,2.81666666666667
"1853","Story",2004,2.975
"1854","Story",2005,3.06666666666667
"1855","Story",2006,2.59166666666667
"1856","Story",2007,2.78333333333333
"1857","Story",2008,3.15833333333333
"1858","Story",2009,4.74166666666667
"1859","Story",2010,4.29166666666667
"1860","Story",2011,4.01666666666667
"1861","Story",2012,3.6
"1862","Story",2013,3.34166666666667
"1863","Story",2014,2.9
"1864","Story",2015,2.48333333333333
"1865","Story",2016,2.33333333333333
"1866","Story",2017,1.98333333333333
"1867","Story",2018,1.625
"1868","Story",2019,1.85833333333333
"1869","Story",2020,3.63333333333333
"1870","Story",2021,3.08333333333333
"1871","Tama",2000,3.425
"1872","Tama",2001,3.53333333333333
"1873","Tama",2002,4.28333333333333
"1874","Tama",2003,8.025
"1875","Tama",2004,6.44166666666667
"1876","Tama",2005,5.575
"1877","Tama",2006,4.15833333333333
"1878","Tama",2007,4.33333333333333
"1879","Tama",2008,5.28333333333333
"1880","Tama",2009,7.20833333333333
"1881","Tama",2010,6.54166666666667
"1882","Tama",2011,6.2
"1883","Tama",2012,6
"1884","Tama",2013,5.56666666666667
"1885","Tama",2014,5.275
"1886","Tama",2015,4.31666666666667
"1887","Tama",2016,4.15833333333333
"1888","Tama",2017,3.44166666666667
"1889","Tama",2018,3.05
"1890","Tama",2019,3.125
"1891","Tama",2020,5.10833333333333
"1892","Tama",2021,5.16666666666667
"1893","Taylor",2000,3.275
"1894","Taylor",2001,4.11666666666667
"1895","Taylor",2002,3.925
"1896","Taylor",2003,4.41666666666667
"1897","Taylor",2004,4.325
"1898","Taylor",2005,3.83333333333333
"1899","Taylor",2006,3.875
"1900","Taylor",2007,4.05833333333333
"1901","Taylor",2008,3.98333333333333
"1902","Taylor",2009,6.86666666666667
"1903","Taylor",2010,5.7
"1904","Taylor",2011,4.85
"1905","Taylor",2012,4.11666666666667
"1906","Taylor",2013,3.84166666666667
"1907","Taylor",2014,3.68333333333333
"1908","Taylor",2015,3.14166666666667
"1909","Taylor",2016,2.93333333333333
"1910","Taylor",2017,2.23333333333333
"1911","Taylor",2018,2.00833333333333
"1912","Taylor",2019,1.90833333333333
"1913","Taylor",2020,3.65833333333333
"1914","Taylor",2021,3.31666666666667
"1915","Union",2000,3.39166666666667
"1916","Union",2001,3.74166666666667
"1917","Union",2002,4.96666666666667
"1918","Union",2003,5.58333333333333
"1919","Union",2004,5.51666666666667
"1920","Union",2005,4.975
"1921","Union",2006,4.04166666666667
"1922","Union",2007,4.08333333333333
"1923","Union",2008,4.525
"1924","Union",2009,6.59166666666667
"1925","Union",2010,5.75
"1926","Union",2011,5.325
"1927","Union",2012,5.06666666666667
"1928","Union",2013,4.86666666666667
"1929","Union",2014,4.7
"1930","Union",2015,4.14166666666667
"1931","Union",2016,3.76666666666667
"1932","Union",2017,3.10833333333333
"1933","Union",2018,3.625
"1934","Union",2019,3.24166666666667
"1935","Union",2020,5.875
"1936","Union",2021,4.85
"1937","Van Buren",2000,3.23333333333333
"1938","Van Buren",2001,4.325
"1939","Van Buren",2002,5.53333333333333
"1940","Van Buren",2003,5.65
"1941","Van Buren",2004,5.51666666666667
"1942","Van Buren",2005,5.16666666666667
"1943","Van Buren",2006,4.25
"1944","Van Buren",2007,4.28333333333333
"1945","Van Buren",2008,4.81666666666667
"1946","Van Buren",2009,8.80833333333333
"1947","Van Buren",2010,7.44166666666667
"1948","Van Buren",2011,6.425
"1949","Van Buren",2012,5.8
"1950","Van Buren",2013,5.51666666666667
"1951","Van Buren",2014,4.51666666666667
"1952","Van Buren",2015,4.01666666666667
"1953","Van Buren",2016,3.63333333333333
"1954","Van Buren",2017,3.04166666666667
"1955","Van Buren",2018,2.71666666666667
"1956","Van Buren",2019,2.71666666666667
"1957","Van Buren",2020,4.625
"1958","Van Buren",2021,4.1
"1959","Wapello",2000,3.61666666666667
"1960","Wapello",2001,4.6
"1961","Wapello",2002,5.45833333333333
"1962","Wapello",2003,5.53333333333333
"1963","Wapello",2004,5.6
"1964","Wapello",2005,5.45833333333333
"1965","Wapello",2006,4.48333333333333
"1966","Wapello",2007,4.34166666666667
"1967","Wapello",2008,4.95833333333333
"1968","Wapello",2009,8.74166666666667
"1969","Wapello",2010,8.06666666666667
"1970","Wapello",2011,7.31666666666667
"1971","Wapello",2012,6.975
"1972","Wapello",2013,6.34166666666667
"1973","Wapello",2014,5.48333333333333
"1974","Wapello",2015,5.09166666666667
"1975","Wapello",2016,5.74166666666667
"1976","Wapello",2017,4.51666666666667
"1977","Wapello",2018,3.525
"1978","Wapello",2019,3.68333333333333
"1979","Wapello",2020,5.95833333333333
"1980","Wapello",2021,5
"1981","Warren",2000,2.16666666666667
"1982","Warren",2001,2.59166666666667
"1983","Warren",2002,3.18333333333333
"1984","Warren",2003,3.625
"1985","Warren",2004,3.94166666666667
"1986","Warren",2005,3.68333333333333
"1987","Warren",2006,3.18333333333333
"1988","Warren",2007,3.275
"1989","Warren",2008,3.75833333333333
"1990","Warren",2009,5.88333333333333
"1991","Warren",2010,5.725
"1992","Warren",2011,5.275
"1993","Warren",2012,4.79166666666667
"1994","Warren",2013,4.49166666666667
"1995","Warren",2014,3.95
"1996","Warren",2015,3.39166666666667
"1997","Warren",2016,3.16666666666667
"1998","Warren",2017,2.73333333333333
"1999","Warren",2018,2.35833333333333
"2000","Warren",2019,2.55833333333333
"2001","Warren",2020,4.56666666666667
"2002","Warren",2021,4.03333333333333
"2003","Washington",2000,2.23333333333333
"2004","Washington",2001,2.78333333333333
"2005","Washington",2002,3.29166666666667
"2006","Washington",2003,3.70833333333333
"2007","Washington",2004,4.48333333333333
"2008","Washington",2005,3.78333333333333
"2009","Washington",2006,2.95833333333333
"2010","Washington",2007,3.43333333333333
"2011","Washington",2008,4.05
"2012","Washington",2009,5.55
"2013","Washington",2010,5.2
"2014","Washington",2011,4.775
"2015","Washington",2012,4.21666666666667
"2016","Washington",2013,3.78333333333333
"2017","Washington",2014,3.6
"2018","Washington",2015,3.075
"2019","Washington",2016,2.90833333333333
"2020","Washington",2017,2.91666666666667
"2021","Washington",2018,2.43333333333333
"2022","Washington",2019,2.5
"2023","Washington",2020,4.09166666666667
"2024","Washington",2021,4.18333333333333
"2025","Wayne",2000,3.05833333333333
"2026","Wayne",2001,3.51666666666667
"2027","Wayne",2002,4.15833333333333
"2028","Wayne",2003,4.51666666666667
"2029","Wayne",2004,4.54166666666667
"2030","Wayne",2005,4.625
"2031","Wayne",2006,3.94166666666667
"2032","Wayne",2007,4.54166666666667
"2033","Wayne",2008,4.15833333333333
"2034","Wayne",2009,6.325
"2035","Wayne",2010,6.26666666666667
"2036","Wayne",2011,5.63333333333333
"2037","Wayne",2012,5.45833333333333
"2038","Wayne",2013,5.18333333333333
"2039","Wayne",2014,5.00833333333333
"2040","Wayne",2015,3.88333333333333
"2041","Wayne",2016,3.75
"2042","Wayne",2017,3.06666666666667
"2043","Wayne",2018,2.79166666666667
"2044","Wayne",2019,2.64166666666667
"2045","Wayne",2020,4.475
"2046","Wayne",2021,3.83333333333333
"2047","Webster",2000,3.075
"2048","Webster",2001,3.65
"2049","Webster",2002,4.15
"2050","Webster",2003,4.675
"2051","Webster",2004,4.8
"2052","Webster",2005,4.30833333333333
"2053","Webster",2006,3.88333333333333
"2054","Webster",2007,3.975
"2055","Webster",2008,4.30833333333333
"2056","Webster",2009,7.40833333333333
"2057","Webster",2010,7.08333333333333
"2058","Webster",2011,7.10833333333333
"2059","Webster",2012,6.35833333333333
"2060","Webster",2013,5.33333333333333
"2061","Webster",2014,4.83333333333333
"2062","Webster",2015,4.28333333333333
"2063","Webster",2016,3.94166666666667
"2064","Webster",2017,3.71666666666667
"2065","Webster",2018,3.34166666666667
"2066","Webster",2019,3.15
"2067","Webster",2020,5.25
"2068","Webster",2021,4.78333333333333
"2069","Winnebago",2000,2.05833333333333
"2070","Winnebago",2001,2.69166666666667
"2071","Winnebago",2002,3.10833333333333
"2072","Winnebago",2003,3.725
"2073","Winnebago",2004,3.50833333333333
"2074","Winnebago",2005,4.54166666666667
"2075","Winnebago",2006,3.51666666666667
"2076","Winnebago",2007,3.46666666666667
"2077","Winnebago",2008,6.33333333333333
"2078","Winnebago",2009,9.39166666666667
"2079","Winnebago",2010,6.80833333333333
"2080","Winnebago",2011,6.14166666666667
"2081","Winnebago",2012,5.36666666666667
"2082","Winnebago",2013,4.80833333333333
"2083","Winnebago",2014,4.21666666666667
"2084","Winnebago",2015,3.925
"2085","Winnebago",2016,3.45
"2086","Winnebago",2017,3.14166666666667
"2087","Winnebago",2018,2.65
"2088","Winnebago",2019,2.8
"2089","Winnebago",2020,6.30833333333333
"2090","Winnebago",2021,4.46666666666667
"2091","Winneshiek",2000,2.56666666666667
"2092","Winneshiek",2001,2.925
"2093","Winneshiek",2002,3.64166666666667
"2094","Winneshiek",2003,4.21666666666667
"2095","Winneshiek",2004,4.25
"2096","Winneshiek",2005,4.2
"2097","Winneshiek",2006,3.56666666666667
"2098","Winneshiek",2007,3.63333333333333
"2099","Winneshiek",2008,4.29166666666667
"2100","Winneshiek",2009,6.225
"2101","Winneshiek",2010,5.60833333333333
"2102","Winneshiek",2011,5.08333333333333
"2103","Winneshiek",2012,4.63333333333333
"2104","Winneshiek",2013,4.65833333333333
"2105","Winneshiek",2014,4.24166666666667
"2106","Winneshiek",2015,3.625
"2107","Winneshiek",2016,3.5
"2108","Winneshiek",2017,3.08333333333333
"2109","Winneshiek",2018,2.75
"2110","Winneshiek",2019,2.9
"2111","Winneshiek",2020,4.93333333333333
"2112","Winneshiek",2021,4.78333333333333
"2113","Woodbury",2000,2.64166666666667
"2114","Woodbury",2001,3.18333333333333
"2115","Woodbury",2002,3.83333333333333
"2116","Woodbury",2003,4.6
"2117","Woodbury",2004,5.025
"2118","Woodbury",2005,4.86666666666667
"2119","Woodbury",2006,4.2
"2120","Woodbury",2007,3.90833333333333
"2121","Woodbury",2008,3.81666666666667
"2122","Woodbury",2009,5.68333333333333
"2123","Woodbury",2010,6.71666666666667
"2124","Woodbury",2011,5.84166666666667
"2125","Woodbury",2012,5.25
"2126","Woodbury",2013,4.78333333333333
"2127","Woodbury",2014,4.375
"2128","Woodbury",2015,3.75
"2129","Woodbury",2016,3.525
"2130","Woodbury",2017,3.15
"2131","Woodbury",2018,2.55833333333333
"2132","Woodbury",2019,2.71666666666667
"2133","Woodbury",2020,5.24166666666667
"2134","Woodbury",2021,4.55
"2135","Worth",2000,2.98333333333333
"2136","Worth",2001,3.34166666666667
"2137","Worth",2002,4.13333333333333
"2138","Worth",2003,4.09166666666667
"2139","Worth",2004,4.14166666666667
"2140","Worth",2005,4.63333333333333
"2141","Worth",2006,3.73333333333333
"2142","Worth",2007,3.73333333333333
"2143","Worth",2008,5.175
"2144","Worth",2009,7.13333333333333
"2145","Worth",2010,7.38333333333333
"2146","Worth",2011,6.49166666666667
"2147","Worth",2012,5.475
"2148","Worth",2013,5.16666666666667
"2149","Worth",2014,4.51666666666667
"2150","Worth",2015,3.94166666666667
"2151","Worth",2016,3.40833333333333
"2152","Worth",2017,3.01666666666667
"2153","Worth",2018,2.8
"2154","Worth",2019,2.83333333333333
"2155","Worth",2020,5.35
"2156","Worth",2021,4.53333333333333
"2157","Wright",2000,2.65
"2158","Wright",2001,3.34166666666667
"2159","Wright",2002,3.98333333333333
"2160","Wright",2003,4.55
"2161","Wright",2004,4.61666666666667
"2162","Wright",2005,4.28333333333333
"2163","Wright",2006,3.58333333333333
"2164","Wright",2007,3.93333333333333
"2165","Wright",2008,4.41666666666667
"2166","Wright",2009,7.35833333333333
"2167","Wright",2010,7.275
"2168","Wright",2011,6.99166666666667
"2169","Wright",2012,5.375
"2170","Wright",2013,4.48333333333333
"2171","Wright",2014,4.06666666666667
"2172","Wright",2015,3.88333333333333
"2173","Wright",2016,4.09166666666667
"2174","Wright",2017,3.40833333333333
"2175","Wright",2018,2.65833333333333
"2176","Wright",2019,2.60833333333333
"2177","Wright",2020,3.975
"2178","Wright",2021,4.06666666666667
