"","name","year","child_abuse_under_3","child_abuse_3_and_4","child_abuse_5"
"1","Adair",2019,418.918918918919,567.073170731707,1576.27118644068
"2","Adams",2019,457.364341085271,655.555555555556,756.410256410256
"3","Allamakee",2019,242.647058823529,326.732673267327,1109.24369747899
"4","Appanoose",2019,484.210526315789,627.986348122867,615.384615384615
"5","Audubon",2019,427.083333333333,594.202898550725,2827.58620689655
"6","Benton",2019,242.17961654894,410.958904109589,808.080808080808
"7","Black Hawk",2019,360.588716271464,505.154639175258,1128.59884836852
"8","Boone",2019,297.244094488189,598.019801980198,834.254143646409
"9","Bremer",2019,226.845637583893,234.722222222222,502.97619047619
"10","Buchanan",2019,224.137931034483,380.952380952381,589.235127478753
"11","Buena Vista",2019,235.82995951417,457.760314341847,892.72030651341
"12","Butler",2019,281.573498964803,440.129449838188,768.361581920904
"13","Calhoun",2019,379.518072289157,536.170212765957,906.474820143885
"14","Carroll",2019,339.547270306258,459.459459459459,698.630136986301
"15","Cass",2019,478.571428571429,820.408163265306,1175.43859649123
"16","Cedar",2019,231.366459627329,535.971223021583,741.293532338308
"17","Cerro Gordo",2019,496.727272727273,733.619763694952,1792.65091863517
"18","Cherokee",2019,321.256038647343,554.166666666667,751.412429378531
"19","Chickasaw",2019,200.431034482759,359.073359073359,407.894736842105
"20","Clarke",2019,424.36974789916,1020.20202020202,1853.21100917431
"21","Clay",2019,415.44885177453,343.696027633851,2369.04761904762
"22","Clayton",2019,290.262172284644,373.493975903614,620
"23","Clinton",2019,469.865418373318,740.774907749078,1583.82642998028
"24","Crawford",2019,434.298440979955,293.674698795181,851.528384279476
"25","Dallas",2019,132.377945105659,207.38203957382,328.313253012048
"26","Davis",2019,168.604651162791,301.038062283737,554.140127388535
"27","Decatur",2019,346.40522875817,554.973821989529,1292.68292682927
"28","Delaware",2019,234.991423670669,250.915750915751,1078.74015748032
"29","Des Moines",2019,507.948523845572,687.5,1556.84454756381
"30","Dickinson",2019,275.058275058275,325.068870523416,861.313868613139
"31","Dubuque",2019,298.757428417072,458.540630182421,840.425531914894
"32","Emmet",2019,406.50406504065,1094.89051094891,1304.34782608696
"33","Fayette",2019,468.842729970326,791.979949874687,1356.22317596567
"34","Floyd",2019,459.459459459459,574.025974025974,830.827067669173
"35","Franklin",2019,359.801488833747,721.393034825871,935.483870967742
"36","Fremont",2019,331.858407079646,446.428571428571,1153.84615384615
"37","Greene",2019,410.596026490066,576.744186046512,571.428571428571
"38","Grundy",2019,299.25187032419,458.015267175572,618.556701030928
"39","Guthrie",2019,433.234421364985,643.171806167401,1339.4495412844
"40","Hamilton",2019,389.867841409692,381.465517241379,1164.47368421053
"41","Hancock",2019,205.278592375367,264.150943396226,642.201834862385
"42","Hardin",2019,454.8802946593,828.859060402685,1515.33742331288
"43","Harrison",2019,405.405405405405,571.847507331378,1059.78260869565
"44","Henry",2019,395.061728395062,555.31453362256,1673.20261437908
"45","Howard",2019,268.617021276596,400.793650793651,716.312056737589
"46","Humboldt",2019,370.37037037037,485.82995951417,1333.33333333333
"47","Ida",2019,285.15625,532.846715328467,869.047619047619
"48","Iowa",2019,318.098720292505,433.915211970075,801.84331797235
"49","Jackson",2019,290.233837689133,489.559164733179,611.594202898551
"50","Jasper",2019,425.414364640884,603.583426651736,1357.68261964736
"51","Jefferson",2019,482.435597189696,591.954022988506,1089.94708994709
"52","Johnson",2019,174.645866953559,298.132843587389,521.972132904609
"53","Jones",2019,384.74870017331,485.776805251641,778.947368421053
"54","Keokuk",2019,390.173410404624,496.323529411765,775.862068965517
"55","Kossuth",2019,298.076923076923,434.173669467787,1201.5503875969
"56","Lee",2019,549.356223175966,722.34762979684,2424.24242424242
"57","Linn",2019,328.527534861735,492.471213463242,948.48174684408
"58","Louisa",2019,334.051724137931,917.159763313609,1156.71641791045
"59","Lucas",2019,370.37037037037,421.940928270042,729.92700729927
"60","Lyon",2019,179.53667953668,264.957264957265,447.115384615385
"61","Madison",2019,462.287104622871,374.753451676529,1283.78378378378
"62","Mahaska",2019,361.826697892272,500.810372771475,1030
"63","Marion",2019,311.389759665622,326.754385964912,746.867167919799
"64","Marshall",2019,357.792601576713,584.158415841584,1234.30962343096
"65","Mills",2019,422.163588390501,364.464692482916,987.654320987654
"66","Mitchell",2019,244.897959183673,230.031948881789,642.857142857143
"67","Monona",2019,432.142857142857,707.602339181287,1704.22535211268
"68","Monroe",2019,360,782.608695652174,972.972972972973
"69","Montgomery",2019,482.142857142857,891.509433962264,2589.04109589041
"70","Muscatine",2019,451.219512195122,531.100478468899,1222.01834862385
"71","OBrien",2019,295.608108108108,641.025641025641,961.538461538462
"72","Osceola",2019,331.730769230769,450.980392156863,1277.77777777778
"73","Page",2019,548.693586698337,638.121546961326,1434.78260869565
"74","Palo Alto",2019,292.993630573248,315.068493150685,707.692307692308
"75","Plymouth",2019,274.021352313167,327.195467422096,663.793103448276
"76","Pocahontas",2019,519.80198019802,660.377358490566,1478.87323943662
"77","Polk",2019,288.401253918495,426.110869879867,838.746438746439
"78","Pottawattamie",2019,462.236533957845,702.402135231317,1184.54613653413
"79","Poweshiek",2019,379.373848987109,578.651685393258,1131.86813186813
"80","Ringgold",2019,401.273885350318,453.237410071942,768.292682926829
"81","Sac",2019,235.135135135135,414.285714285714,713.114754098361
"82","Scott",2019,344.180414711669,514.246947082768,979.750107712193
"83","Shelby",2019,347.003154574133,410.44776119403,591.397849462366
"84","Sioux",2019,131.844380403458,156.544054747648,398.692810457516
"85","Story",2019,206.506364922207,360.049321824908,555.133079847909
"86","Tama",2019,406.50406504065,862.068965517241,1785.71428571429
"87","Taylor",2019,430.30303030303,401.129943502825,1075.75757575758
"88","Union",2019,605.820105820106,733.974358974359,2245.09803921569
"89","Van Buren",2019,395.652173913043,489.247311827957,1070.58823529412
"90","Wapello",2019,412.491420727522,772.493573264782,1577.42782152231
"91","Warren",2019,245.234415249871,447.789275634995,840.989399293286
"92","Washington",2019,235.839340885685,440.384615384615,1036.19909502262
"93","Wayne",2019,246.575342465753,426.03550295858,750
"94","Webster",2019,520.681265206813,721.348314606741,1410.98901098901
"95","Winnebago",2019,335.365853658537,464.135021097046,493.273542600897
"96","Winneshiek",2019,226.415094339623,287.234042553192,336.448598130841
"97","Woodbury",2019,445.691095726904,588.77325764743,1346.07065609229
"98","Worth",2019,455,429.245283018868,791.304347826087
"99","Wright",2019,369.351669941061,706.766917293233,949.49494949495
"100","Adair",2018,421.56862745098,477.777777777778,1869.5652173913
"101","Adams",2018,513.761467889908,474.576271186441,622.222222222222
"102","Allamakee",2018,195.840554592721,321.022727272727,926.229508196721
"103","Appanoose",2018,454.148471615721,885.106382978723,563.685636856369
"104","Audubon",2018,407.185628742515,535.433070866142,1416.66666666667
"105","Benton",2018,278.260869565217,428.09364548495,853.333333333333
"106","Black Hawk",2018,331.02766798419,492.212753452836,1181.24118476728
"107","Boone",2018,252.96442687747,479.40074906367,609.52380952381
"108","Bremer",2018,238.805970149254,265.460030165913,455.958549222798
"109","Buchanan",2018,272.529858849077,490.234375,707.042253521127
"110","Buena Vista",2018,310,363.103953147877,792.332268370607
"111","Butler",2018,339.20704845815,478.260869565217,836.95652173913
"112","Calhoun",2018,308.35734870317,502.347417840376,611.428571428571
"113","Carroll",2018,260.325406758448,378.181818181818,571.428571428571
"114","Cass",2018,438.177874186551,878.260869565217,1057.59162303665
"115","Cedar",2018,276.497695852535,543.80664652568,1111.11111111111
"116","Cerro Gordo",2018,464.140730717185,800.46674445741,1426.19542619543
"117","Cherokee",2018,274.463007159905,410.714285714286,696.969696969697
"118","Chickasaw",2018,220,405.737704918033,487.684729064039
"119","Clarke",2018,476.190476190476,519.480519480519,2539.68253968254
"120","Clay",2018,364.341085271318,361.538461538462,1424.24242424242
"121","Clayton",2018,270.566727605119,331.096196868009,550.185873605948
"122","Clinton",2018,527.341294783155,693.961952026468,1500.89445438283
"123","Crawford",2018,427.734375,350.961538461538,1073.52941176471
"124","Dallas",2018,120.490620490621,200.640768922707,345.51724137931
"125","Davis",2018,135.029354207436,260.377358490566,456.953642384106
"126","Decatur",2018,442.857142857143,656.084656084656,1362.63736263736
"127","Delaware",2018,318.007662835249,287.19723183391,1099.33774834437
"128","Des Moines",2018,523.076923076923,824.696802646086,1815.53398058252
"129","Dickinson",2018,339.246119733925,410.187667560322,968.354430379747
"130","Dubuque",2018,302.747252747253,445.973290165925,823.617339312407
"131","Emmet",2018,394.255874673629,1279.66101694915,1641.30434782609
"132","Fayette",2018,316,673.295454545455,1012.82051282051
"133","Floyd",2018,632.967032967033,755.905511811024,929.032258064516
"134","Franklin",2018,253.012048192771,549.738219895288,777.777777777778
"135","Fremont",2018,425,658.064516129032,2266.66666666667
"136","Greene",2018,493.197278911565,690.47619047619,993.150684931507
"137","Grundy",2018,276.346604215457,483.606557377049,572.815533980582
"138","Guthrie",2018,548.821548821549,612.781954887218,1663.26530612245
"139","Hamilton",2018,286.282306163022,314.410480349345,1285.71428571429
"140","Hancock",2018,258.333333333333,438.679245283019,704.545454545455
"141","Hardin",2018,462.825278810409,803.225806451613,2128.20512820513
"142","Harrison",2018,422.505307855626,590.504451038576,970.731707317073
"143","Henry",2018,395.382395382395,612.975391498881,1814.56953642384
"144","Howard",2018,340.116279069767,477.551020408163,914.0625
"145","Humboldt",2018,185.507246376812,309.178743961353,592.592592592593
"146","Ida",2018,457.983193277311,664.634146341463,1101.0101010101
"147","Iowa",2018,259.649122807018,373.737373737374,660.714285714286
"148","Jackson",2018,324.146981627297,622.166246851385,851.724137931035
"149","Jasper",2018,385.362210604929,613.555291319857,1290
"150","Jefferson",2018,419.72920696325,322.436849925706,1373.41772151899
"151","Johnson",2018,176.566167178191,292.201971915148,512.847404299948
"152","Jones",2018,439.63963963964,481.262327416174,1119.26605504587
"153","Keokuk",2018,458.579881656805,574.074074074074,851.648351648352
"154","Kossuth",2018,237.113402061856,318.559556786704,884.615384615385
"155","Lee",2018,480.574324324324,642.937853107345,1703.59281437126
"156","Linn",2018,337.394129249333,536.4323925475,976.494291470786
"157","Louisa",2018,272.727272727273,823.529411764706,1024.39024390244
"158","Lucas",2018,406.844106463878,443.983402489627,604.519774011299
"159","Lyon",2018,232.65306122449,294.573643410853,553.398058252427
"160","Madison",2018,454.068241469816,310.035842293907,1418.03278688525
"161","Mahaska",2018,384.431137724551,513.6,1167.27272727273
"162","Marion",2018,341.262580054895,430.219146482122,937.185929648241
"163","Marshall",2018,368.898978433598,677.789363920751,1242.82982791587
"164","Mills",2018,524.193548387097,424.83660130719,1413.04347826087
"165","Mitchell",2018,256.329113924051,281.25,778.846153846154
"166","Monona",2018,360.26936026936,775.36231884058,1188.88888888889
"167","Monroe",2018,336.996336996337,522.727272727273,1082.35294117647
"168","Montgomery",2018,438.256658595642,882.926829268293,1967.39130434783
"169","Muscatine",2018,431.385869565217,490.34749034749,1065.43624161074
"170","OBrien",2018,361.161524500907,698.245614035088,1069.89247311828
"171","Osceola",2018,358.139534883721,469.512195121951,1452.83018867925
"172","Page",2018,534.042553191489,758.308157099698,1755.24475524476
"173","Palo Alto",2018,342.281879194631,412.955465587045,689.189189189189
"174","Plymouth",2018,273.399014778325,300.405953991881,606.55737704918
"175","Pocahontas",2018,401.639344262295,742.424242424242,942.307692307692
"176","Polk",2018,278.14668730341,396.681857020792,855.497542997543
"177","Pottawattamie",2018,495.865412033077,713.875205254516,1171.83288409704
"178","Poweshiek",2018,360.655737704918,714.285714285714,1189.18918918919
"179","Ringgold",2018,222.222222222222,403.669724770642,511.627906976744
"180","Sac",2018,251.396648044693,450,762.71186440678
"181","Scott",2018,349.217950592019,557.786598178847,1052.88673424416
"182","Shelby",2018,421.538461538462,479.020979020979,713.541666666667
"183","Sioux",2018,139.649122807018,172.294372294372,389.432485322896
"184","Story",2018,212.016574585635,372.572815533981,700.913242009132
"185","Tama",2018,415.868673050616,873.563218390805,1974.02597402597
"186","Taylor",2018,456.25,403.314917127072,1377.35849056604
"187","Union",2018,554.761904761905,774.086378737542,2061.94690265487
"188","Van Buren",2018,422.413793103448,478.048780487805,1289.47368421053
"189","Wapello",2018,480.482611781405,864.623243933589,1487.91208791209
"190","Warren",2018,284.132841328413,515.296367112811,812.971342383107
"191","Washington",2018,223.516949152542,373.451327433628,967.889908256881
"192","Wayne",2018,312.056737588652,483.516483516484,1205.47945205479
"193","Webster",2018,500.376789751319,790.47619047619,1309.66469428008
"194","Winnebago",2018,524.096385542169,750,824.644549763033
"195","Winneshiek",2018,203.557312252964,258.145363408521,357.638888888889
"196","Woodbury",2018,426.169085464179,596.581747823283,1209.94113799869
"197","Worth",2018,391.089108910891,417.989417989418,1025.97402597403
"198","Wright",2018,321.637426900585,705.128205128205,937.5
"199","Adair",2017,447.115384615385,528.409090909091,1897.95918367347
"200","Adams",2017,552.380952380952,479.338842975207,682.352941176471
"201","Allamakee",2017,261.224489795918,339.522546419098,757.396449704142
"202","Appanoose",2017,475.161987041037,836.501901140684,630.372492836676
"203","Audubon",2017,472.527472527473,716.666666666667,1535.71428571429
"204","Benton",2017,329.281767955801,495.840266222962,922.600619195046
"205","Black Hawk",2017,333.002776675922,498.219584569733,1146.07508532423
"206","Boone",2017,267.803410230692,452.542372881356,631.205673758865
"207","Bremer",2017,205.442176870748,224.702380952381,408.108108108108
"208","Buchanan",2017,191.930207197383,335.238095238095,520.710059171598
"209","Buena Vista",2017,274.285714285714,350.36496350365,747.663551401869
"210","Butler",2017,308.045977011494,353.562005277045,680.203045685279
"211","Calhoun",2017,261.538461538462,517.766497461929,662.337662337662
"212","Carroll",2017,250.34965034965,324.275362318841,581.168831168831
"213","Cass",2017,434.968017057569,755.555555555556,1146.06741573034
"214","Cedar",2017,319.467554076539,531.85595567867,1090.90909090909
"215","Cerro Gordo",2017,426.888426888427,689.03803131991,1278.00829875519
"216","Cherokee",2017,371.191135734072,470.175438596491,647.342995169082
"217","Chickasaw",2017,309.692671394799,476.363636363636,658.291457286432
"218","Clarke",2017,429.936305732484,470.383275261324,5625
"219","Clay",2017,452,416.974169741697,1202.12765957447
"220","Clayton",2017,253.187613843352,303.493449781659,576.763485477178
"221","Clinton",2017,533.682145192937,628.175519630485,1406.89655172414
"222","Crawford",2017,264.406779661017,248.012718600954,611.764705882353
"223","Dallas",2017,122.43306472576,179.019384264538,336.669049320944
"224","Davis",2017,138.067061143984,295.35864978903,414.201183431953
"225","Decatur",2017,524.444444444444,556.603773584906,944
"226","Delaware",2017,220.458553791887,230.627306273063,647.668393782383
"227","Des Moines",2017,455.696202531646,735.483870967742,1624.70308788599
"228","Dickinson",2017,344.339622641509,358.722358722359,918.238993710692
"229","Dubuque",2017,289.466630930046,462.130937098845,815.70996978852
"230","Emmet",2017,715.827338129496,861.471861471862,2653.33333333333
"231","Fayette",2017,312.01044386423,651.226158038147,838.59649122807
"232","Floyd",2017,439.635535307517,469.586374695864,660.958904109589
"233","Franklin",2017,387.28323699422,720.430107526882,1440.86021505376
"234","Fremont",2017,355.371900826446,511.904761904762,1622.64150943396
"235","Greene",2017,452.768729641694,803.468208092485,1376.23762376238
"236","Grundy",2017,218.823529411765,349.624060150376,375
"237","Guthrie",2017,438.271604938272,617.391304347826,1314.81481481481
"238","Hamilton",2017,291.902071563088,392.405063291139,1091.54929577465
"239","Hancock",2017,218.666666666667,448.087431693989,611.940298507463
"240","Hardin",2017,452.127659574468,873.287671232877,2256.63716814159
"241","Harrison",2017,357.96766743649,434.173669467787,906.432748538012
"242","Henry",2017,298.295454545455,472.972972972973,1065.98984771574
"243","Howard",2017,313.559322033898,458.677685950413,776.223776223776
"244","Humboldt",2017,296.296296296296,509.803921568627,1118.27956989247
"245","Ida",2017,292.857142857143,594.202898550725,803.921568627451
"246","Iowa",2017,269.724770642202,347.517730496454,508.650519031142
"247","Jackson",2017,319.180087847731,501.149425287356,749.14089347079
"248","Jasper",2017,337.480559875583,506.417736289382,1151.19363395225
"249","Jefferson",2017,417.279411764706,718.354430379747,1401.23456790123
"250","Johnson",2017,167.026249550521,280.241327300151,498.658078368223
"251","Jones",2017,440,484,1085.20179372197
"252","Keokuk",2017,395.348837209302,501.845018450184,795.321637426901
"253","Kossuth",2017,218.503937007874,311.797752808989,1000
"254","Lee",2017,564.957264957265,745.208568207441,1430.73593073593
"255","Linn",2017,336.011512171723,499.821619693186,946.941534302129
"256","Louisa",2017,296.650717703349,659.574468085106,843.537414965986
"257","Lucas",2017,405.063291139241,369.230769230769,446.511627906977
"258","Lyon",2017,178.571428571429,283.582089552239,527.777777777778
"259","Madison",2017,496.083550913838,337.477797513321,1158.53658536585
"260","Mahaska",2017,423.376623376623,516.640253565769,1055.01618122977
"261","Marion",2017,271.985494106981,342.465753424658,750
"262","Marshall",2017,368.421052631579,605.513307984791,1206.43939393939
"263","Mills",2017,501.449275362319,360.416666666667,1067.9012345679
"264","Mitchell",2017,181.318681318681,264,589.285714285714
"265","Monona",2017,350.553505535055,597.48427672956,979.381443298969
"266","Monroe",2017,254.545454545455,406.976744186047,1014.49275362319
"267","Montgomery",2017,462.162162162162,763.392857142857,1988.37209302326
"268","Muscatine",2017,440.026507620941,527.402700555997,1291.82879377432
"269","OBrien",2017,425.414364640884,804.878048780488,1604.16666666667
"270","Osceola",2017,295.238095238095,336.95652173913,639.175257731959
"271","Page",2017,525.531914893617,674.863387978142,1857.14285714286
"272","Palo Alto",2017,292.096219931271,332.03125,505.952380952381
"273","Plymouth",2017,287.396937573616,343.661971830986,853.146853146853
"274","Pocahontas",2017,417.355371900826,765.151515151515,935.185185185185
"275","Polk",2017,277.656405163853,412.298164122982,847.786537295331
"276","Pottawattamie",2017,450.238295486403,664.735099337748,1138.19985825656
"277","Poweshiek",2017,349.514563106796,699.029126213592,1301.20481927711
"278","Ringgold",2017,300,564.356435643564,670.588235294118
"279","Sac",2017,245.714285714286,425.742574257426,716.666666666667
"280","Scott",2017,354.523594830177,518.689533861038,1018.12688821752
"281","Shelby",2017,405.172413793103,500,742.105263157895
"282","Sioux",2017,142.037302725968,164.862614487927,417.721518987342
"283","Story",2017,205.128205128205,353.510895883777,702.767749699158
"284","Tama",2017,444.976076555024,648.837209302326,1603.44827586207
"285","Taylor",2017,462.42774566474,490.79754601227,1311.47540983607
"286","Union",2017,493.478260869565,908,1816
"287","Van Buren",2017,450.892857142857,437.229437229437,1422.53521126761
"288","Wapello",2017,390.322580645161,969.551282051282,1320.96069868996
"289","Warren",2017,239.247311827957,417.057169634489,632.102272727273
"290","Washington",2017,240.860215053763,393.673110720562,896
"291","Wayne",2017,288.808664259928,446.927374301676,1081.08108108108
"292","Webster",2017,416.097190584662,658.653846153846,1037.87878787879
"293","Winnebago",2017,340,392.307692307692,557.377049180328
"294","Winneshiek",2017,163.873370577281,229.76501305483,338.461538461538
"295","Woodbury",2017,407.960199004975,594.398682042834,1183.72703412073
"296","Worth",2017,327.354260089686,368.686868686869,752.577319587629
"297","Wright",2017,314.606741573034,861.538461538462,898.395721925134
"298","Adair",2016,347.826086956522,455.696202531646,986.301369863014
"299","Adams",2016,350,378.378378378378,456.521739130435
"300","Allamakee",2016,220.907297830375,309.39226519337,727.272727272727
"301","Appanoose",2016,424.892703862661,704.626334519573,632.58785942492
"302","Audubon",2016,273.743016759777,415.254237288136,731.343283582089
"303","Benton",2016,214.867617107943,369.527145359019,694.078947368421
"304","Black Hawk",2016,290.814279983955,419.560185185185,966.022651565623
"305","Boone",2016,290.217391304348,493.530499075786,717.741935483871
"306","Bremer",2016,156.291390728477,187.898089171975,334.277620396601
"307","Buchanan",2016,149.342891278375,216.262975778547,338.753387533875
"308","Buena Vista",2016,244.283995186522,281.944444444444,576.704545454545
"309","Butler",2016,272.506082725061,263.529411764706,497.777777777778
"310","Calhoun",2016,284.574468085106,509.52380952381,914.529914529915
"311","Carroll",2016,226.027397260274,278.246205733558,525.477707006369
"312","Cass",2016,374.149659863946,501.519756838906,1309.52380952381
"313","Cedar",2016,283.054003724395,350.230414746544,899.408284023669
"314","Cerro Gordo",2016,370,531.827515400411,1182.64840182648
"315","Cherokee",2016,324.483775811209,349.206349206349,597.826086956522
"316","Chickasaw",2016,255.924170616114,391.304347826087,509.433962264151
"317","Clarke",2016,281.420765027322,358.885017421603,3678.57142857143
"318","Clay",2016,324.915824915825,391.480730223124,950.738916256158
"319","Clayton",2016,215.799614643545,241.900647948164,451.612903225806
"320","Clinton",2016,413.333333333333,574.074074074074,1240
"321","Crawford",2016,220.760233918129,245.928338762215,511.864406779661
"322","Dallas",2016,118.181818181818,179.275019700552,332.35938641344
"323","Davis",2016,143.137254901961,308.016877637131,811.111111111111
"324","Decatur",2016,377.682403433476,409.302325581395,846.153846153846
"325","Delaware",2016,193.49593495935,248.434237995825,476
"326","Des Moines",2016,401.743796109993,598.401598401598,1245.32224532225
"327","Dickinson",2016,242.630385487528,255.369928400955,652.439024390244
"328","Dubuque",2016,237.637362637363,366.370182126218,635.562086700955
"329","Emmet",2016,441.281138790036,516.666666666667,3647.05882352941
"330","Fayette",2016,325.966850828729,571.428571428571,893.939393939394
"331","Floyd",2016,462.882096069869,518.337408312958,976.958525345622
"332","Franklin",2016,292.993630573248,474.226804123711,1277.77777777778
"333","Fremont",2016,352.112676056338,407.608695652174,1209.67741935484
"334","Greene",2016,327.044025157233,594.285714285714,1405.40540540541
"335","Grundy",2016,182.027649769585,290.441176470588,333.333333333333
"336","Guthrie",2016,328.767123287671,370.656370656371,969.69696969697
"337","Hamilton",2016,341.584158415842,339.901477832512,932.432432432433
"338","Hancock",2016,191.709844559585,430.232558139535,465.408805031447
"339","Hardin",2016,315.270935960591,657.534246575342,1476.92307692308
"340","Harrison",2016,316.425120772947,360.881542699724,752.873563218391
"341","Henry",2016,232.961586121437,461.916461916462,866.359447004608
"342","Howard",2016,263.157894736842,411.522633744856,787.40157480315
"343","Humboldt",2016,249.211356466877,344.978165938865,731.481481481482
"344","Ida",2016,256.410256410256,451.612903225806,693.069306930693
"345","Iowa",2016,231.499051233397,274.157303370787,408.026755852843
"346","Jackson",2016,309.328968903437,448.931116389549,694.852941176471
"347","Jasper",2016,346.542346542347,528.436018957346,1259.88700564972
"348","Jefferson",2016,314.814814814815,557.377049180328,1082.8025477707
"349","Johnson",2016,134.260106091092,223.439878234399,421.354764638347
"350","Jones",2016,300.314465408805,431.151241534989,1085.22727272727
"351","Keokuk",2016,377.142857142857,488.888888888889,970.588235294118
"352","Kossuth",2016,155.597722960152,241.176470588235,565.51724137931
"353","Lee",2016,503.552397868561,640.677966101695,1071.83364839319
"354","Linn",2016,260.81146744412,369.853574504737,692.357304095453
"355","Louisa",2016,328.690807799443,429.090909090909,1216.49484536082
"356","Lucas",2016,181.494661921708,260.204081632653,293.103448275862
"357","Lyon",2016,135.623869801085,241.157556270096,446.428571428571
"358","Madison",2016,336.787564766839,230.496453900709,607.476635514019
"359","Mahaska",2016,338.235294117647,394.080996884735,773.700305810397
"360","Marion",2016,294.222222222222,376.136363636364,803.398058252427
"361","Marshall",2016,297.885196374622,422.813036020583,797.734627831715
"362","Mills",2016,472.527472527473,364.406779661017,690.763052208835
"363","Mitchell",2016,164.835164835165,239.043824701195,500
"364","Monona",2016,409.266409266409,662.5,946.428571428571
"365","Monroe",2016,218.543046357616,370.786516853933,880
"366","Montgomery",2016,498.480243161094,672.131147540984,1802.1978021978
"367","Muscatine",2016,339.21568627451,403.576982892691,816.037735849057
"368","OBrien",2016,295.019157088123,550,962.5
"369","Osceola",2016,320.441988950276,343.195266272189,651.685393258427
"370","Page",2016,347.140039447732,372.881355932203,1157.89473684211
"371","Palo Alto",2016,257.763975155279,373.873873873874,384.259259259259
"372","Plymouth",2016,222.077922077922,221.216041397154,608.540925266904
"373","Pocahontas",2016,417.43119266055,627.586206896552,1022.47191011236
"374","Polk",2016,231.604765241766,337.835864485981,710.64352634004
"375","Pottawattamie",2016,403.157597970116,584.389047813649,1024.3553008596
"376","Poweshiek",2016,239.583333333333,540.268456375839,777.777777777778
"377","Ringgold",2016,215,425.742574257426,551.282051282051
"378","Sac",2016,207.492795389049,341.232227488152,517.985611510791
"379","Scott",2016,314.104500151012,445.396145610278,871.386677838291
"380","Shelby",2016,286.127167630058,304.615384615385,559.322033898305
"381","Sioux",2016,123.316796598157,143.20987654321,389.261744966443
"382","Story",2016,169.395255596392,311.616472034419,625.925925925926
"383","Tama",2016,424.190800681431,528.662420382166,1303.66492146597
"384","Taylor",2016,340.10152284264,462.068965517241,1116.66666666667
"385","Union",2016,530.952380952381,745.819397993311,2322.91666666667
"386","Van Buren",2016,367.34693877551,439.024390243902,1475.40983606557
"387","Wapello",2016,326.413743736578,600,1031.6742081448
"388","Warren",2016,244.139508290452,381.25,573.924731182796
"389","Washington",2016,209.178228388474,367.729831144465,841.201716738197
"390","Wayne",2016,228.915662650602,304.812834224599,770.27027027027
"391","Webster",2016,385.026737967914,631.578947368421,1117.51662971175
"392","Winnebago",2016,265.432098765432,334.630350194553,699.186991869919
"393","Winneshiek",2016,139.194139194139,202.127659574468,372.549019607843
"394","Woodbury",2016,340.756756756757,537.70044353463,991.818753933291
"395","Worth",2016,240.343347639485,304.347826086957,708.860759493671
"396","Wright",2016,313.229571984436,703.056768558952,1073.33333333333
"397","Adair",2015,404.145077720207,469.879518072289,787.878787878788
"398","Adams",2015,401.869158878505,320.89552238806,614.285714285714
"399","Allamakee",2015,164.410058027079,234.159779614325,732.758620689655
"400","Appanoose",2015,375.854214123007,548.172757475083,654.761904761905
"401","Audubon",2015,339.622641509434,446.280991735537,658.536585365854
"402","Benton",2015,218.50613154961,303.405572755418,628.205128205128
"403","Black Hawk",2015,290.26369168357,431.544028950543,974.132062627638
"404","Boone",2015,244.136460554371,454.365079365079,558.536585365854
"405","Bremer",2015,183.988764044944,225.473321858864,380.813953488372
"406","Buchanan",2015,161.212121212121,232.111692844677,460.207612456747
"407","Buena Vista",2015,172.991071428571,238.461538461538,394.40203562341
"408","Butler",2015,225.206611570248,252.314814814815,486.607142857143
"409","Calhoun",2015,247.956403269755,459.59595959596,689.393939393939
"410","Carroll",2015,231.905465288035,234.678624813154,618.110236220472
"411","Cass",2015,283.757338551859,496.575342465753,966.666666666667
"412","Cedar",2015,273.305084745763,253.937007874016,668.39378238342
"413","Cerro Gordo",2015,351.617440225035,521.376433785193,1118.56823266219
"414","Cherokee",2015,349.83498349835,325.153374233129,514.563106796116
"415","Chickasaw",2015,192.771084337349,268.456375838926,408.163265306122
"416","Clarke",2015,276.785714285714,297.124600638978,801.724137931034
"417","Clay",2015,294.915254237288,358.024691358025,798.165137614679
"418","Clayton",2015,203.83275261324,274.647887323944,425.454545454545
"419","Clinton",2015,378.537735849057,512.779552715655,1138.29787234043
"420","Crawford",2015,133.597883597884,174.137931034483,441.048034934498
"421","Dallas",2015,124.056999161777,168.054504163512,325.752017608217
"422","Davis",2015,154.613466334165,196.825396825397,775
"423","Decatur",2015,470.833333333333,543.269230769231,933.884297520661
"424","Delaware",2015,182.945736434109,277.647058823529,462.745098039216
"425","Des Moines",2015,368.64406779661,491.063029162747,747.851002865329
"426","Dickinson",2015,263.862332695985,371.967654986523,807.017543859649
"427","Dubuque",2015,224.992995236761,338.532883642496,572.753209700428
"428","Emmet",2015,492.700729927007,529.411764705882,2812.5
"429","Fayette",2015,292.746113989637,505.592841163311,886.274509803922
"430","Floyd",2015,391.634980988593,509.90099009901,861.924686192469
"431","Franklin",2015,259.74025974026,448.430493273543,1333.33333333333
"432","Fremont",2015,402.843601895735,410.628019323671,1349.20634920635
"433","Greene",2015,400,736.842105263158,1536.58536585366
"434","Grundy",2015,199.5841995842,306.709265175719,362.264150943396
"435","Guthrie",2015,359.58904109589,380.434782608696,1019.41747572816
"436","Hamilton",2015,357.647058823529,472.049689440994,817.204301075269
"437","Hancock",2015,170.103092783505,279.661016949152,425.806451612903
"438","Hardin",2015,377.224199288256,614.492753623188,1452.05479452055
"439","Harrison",2015,335.664335664336,389.189189189189,867.469879518072
"440","Henry",2015,191.176470588235,390,541.666666666667
"441","Howard",2015,225.464190981432,318.352059925094,518.292682926829
"442","Humboldt",2015,303.724928366762,502.369668246445,1000
"443","Ida",2015,204.620462046205,389.937106918239,558.558558558559
"444","Iowa",2015,200.413223140496,229.314420803782,293.939393939394
"445","Jackson",2015,253.258845437616,277.551020408163,641.509433962264
"446","Jasper",2015,359.848484848485,683.453237410072,1144.57831325301
"447","Jefferson",2015,277.456647398844,521.739130434783,972.972972972973
"448","Johnson",2015,142.66717325228,227.921092564492,415.836101882613
"449","Jones",2015,320.214669051878,349.609375,913.265306122449
"450","Keokuk",2015,278.089887640449,380.769230769231,697.183098591549
"451","Kossuth",2015,208.163265306122,272.727272727273,755.555555555556
"452","Lee",2015,430.555555555556,539.717083786725,1002.0202020202
"453","Linn",2015,269.240348692403,366.192411924119,743.466299862448
"454","Louisa",2015,302.395209580838,367.272727272727,737.226277372263
"455","Lucas",2015,406.716417910448,524.038461538462,652.694610778443
"456","Lyon",2015,92.2509225092251,161.812297734628,375.93984962406
"457","Madison",2015,287.410926365796,222.018348623853,687.5
"458","Mahaska",2015,258.064516129032,349.579831932773,606.413994169096
"459","Marion",2015,274.410774410774,364.245810055866,729.306487695749
"460","Marshall",2015,318.069306930693,403.453689167975,710.926694329184
"461","Mills",2015,326.086956521739,347.938144329897,503.731343283582
"462","Mitchell",2015,165.80310880829,264.462809917355,561.40350877193
"463","Monona",2015,270.27027027027,426.829268292683,752.688172043011
"464","Monroe",2015,271.317829457364,397.727272727273,786.516853932584
"465","Montgomery",2015,462.857142857143,675,1446.42857142857
"466","Muscatine",2015,358.056265984655,415.738678544915,837.070254110613
"467","OBrien",2015,323.529411764706,533.980582524272,1006.09756097561
"468","Osceola",2015,121.827411167513,158.940397350993,282.352941176471
"469","Page",2015,297.752808988764,304.015296367113,1096.55172413793
"470","Palo Alto",2015,238.853503184713,306.122448979592,371.287128712871
"471","Plymouth",2015,181.25,201.109570041609,409.604519774011
"472","Pocahontas",2015,452.488687782805,645.161290322581,961.538461538462
"473","Polk",2015,232.317103999191,344.091657930208,761.896866191345
"474","Pottawattamie",2015,371.004566210046,506.625097427903,978.179082016554
"475","Poweshiek",2015,203.288490284006,489.208633093525,523.076923076923
"476","Ringgold",2015,190.909090909091,488.372093023256,617.647058823529
"477","Sac",2015,221.875,342.995169082126,461.038961038961
"478","Scott",2015,278.948177764109,377.20939904346,800.883002207506
"479","Shelby",2015,326.647564469914,368.932038834951,682.634730538922
"480","Sioux",2015,110.469314079422,125.822368421053,295.938104448743
"481","Story",2015,152.377762893503,268.278301886792,481.481481481481
"482","Tama",2015,436.594202898551,505.241090146751,1131.45539906103
"483","Taylor",2015,305.263157894737,436.09022556391,753.246753246753
"484","Union",2015,496.332518337408,517.857142857143,1549.61832061069
"485","Van Buren",2015,261.829652996845,538.961038961039,1482.14285714286
"486","Wapello",2015,387.40157480315,538.882803943045,1233.08270676692
"487","Warren",2015,172.299168975069,280.432822362489,419.70310391363
"488","Washington",2015,202.312138728324,318.761384335155,609.756097560976
"489","Wayne",2015,250,233.94495412844,621.951219512195
"490","Webster",2015,349.544072948328,557.575757575758,1062.35565819861
"491","Winnebago",2015,273.311897106109,323.19391634981,779.816513761468
"492","Winneshiek",2015,134.328358208955,181.818181818182,387.096774193548
"493","Woodbury",2015,291.287386215865,439.646712463199,740.495867768595
"494","Worth",2015,191.780821917808,227.027027027027,617.647058823529
"495","Wright",2015,371.153846153846,800.829875518672,1109.19540229885
"496","Adair",2014,328.571428571429,392.045454545455,650.943396226415
"497","Adams",2014,340,257.575757575758,441.558441558442
"498","Allamakee",2014,210.31746031746,296.918767507003,519.607843137255
"499","Appanoose",2014,300.884955752212,409.638554216867,844.72049689441
"500","Audubon",2014,278.145695364238,300,482.758620689655
"501","Benton",2014,193.168433451119,245.877061469265,442.048517520216
"502","Black Hawk",2014,298.486088379705,432.168246445498,901.730531520396
"503","Boone",2014,266.203703703704,397.236614853195,466.531440162272
"504","Bremer",2014,148.907103825137,185.374149659864,307.042253521127
"505","Buchanan",2014,185.228604923798,273.830155979203,554.385964912281
"506","Buena Vista",2014,186.788154897494,271.973466003317,495.468277945619
"507","Butler",2014,197.23865877712,231.481481481481,510.204081632653
"508","Calhoun",2014,230.529595015576,330.357142857143,718.446601941748
"509","Carroll",2014,206.043956043956,238.853503184713,537.634408602151
"510","Cass",2014,339.321357285429,488.505747126437,1752.57731958763
"511","Cedar",2014,261.029411764706,274.661508704062,468.646864686469
"512","Cerro Gordo",2014,283.819628647215,480.898876404494,1011.82033096927
"513","Cherokee",2014,371.428571428571,237.597911227154,529.069767441861
"514","Chickasaw",2014,231.678486997636,306.25,507.772020725389
"515","Clarke",2014,284.86646884273,264.462809917355,666.666666666667
"516","Clay",2014,239.61661341853,398.936170212766,721.153846153846
"517","Clayton",2014,199.021207177814,279.176201372998,422.145328719723
"518","Clinton",2014,359.457866823807,479.559748427673,1107.0780399274
"519","Crawford",2014,142.857142857143,316.489361702128,435.897435897436
"520","Dallas",2014,121.923620933522,173.092369477912,319.022945965951
"521","Davis",2014,127.320954907162,129.380053908356,648.648648648649
"522","Decatur",2014,342.857142857143,371.681415929204,743.362831858407
"523","Delaware",2014,173.57910906298,259.770114942529,362.179487179487
"524","Des Moines",2014,344.520547945205,481.33971291866,882.456140350877
"525","Dickinson",2014,234.468937875752,317.073170731707,764.705882352941
"526","Dubuque",2014,219.856194690265,357.624831309042,571.531272465852
"527","Emmet",2014,429.14979757085,344.155844155844,3117.64705882353
"528","Fayette",2014,286.649214659686,438.877755511022,912.5
"529","Floyd",2014,320.652173913043,422.434367541766,808.219178082192
"530","Franklin",2014,324.528301886792,407.582938388626,934.782608695652
"531","Fremont",2014,283.653846153846,276.995305164319,867.647058823529
"532","Greene",2014,331.147540983607,558.011049723757,1294.87179487179
"533","Grundy",2014,147.186147186147,205.438066465257,310.502283105023
"534","Guthrie",2014,314.079422382672,300,690.47619047619
"535","Hamilton",2014,337.719298245614,431.372549019608,770
"536","Hancock",2014,180.232558139535,213.058419243986,427.586206896552
"537","Hardin",2014,327.327327327327,736.486486486487,1313.25301204819
"538","Harrison",2014,253.897550111359,307.277628032345,750
"539","Henry",2014,186.785260482846,350.835322195704,542.435424354244
"540","Howard",2014,202.216066481994,247.457627118644,496.598639455782
"541","Humboldt",2014,262.996941896024,348.178137651822,803.738317757009
"542","Ida",2014,221.122112211221,387.28323699422,656.862745098039
"543","Iowa",2014,211.498973305955,249.394673123487,312.121212121212
"544","Jackson",2014,290.265486725664,355.748373101952,942.528735632184
"545","Jasper",2014,350.769230769231,616.216216216216,1157.36040609137
"546","Jefferson",2014,265.546218487395,840.425531914894,993.710691823899
"547","Johnson",2014,145.052833813641,237.048665620094,437.68115942029
"548","Jones",2014,246.815286624204,328.389830508475,591.603053435115
"549","Keokuk",2014,261.904761904762,316.546762589928,822.429906542056
"550","Kossuth",2014,166.315789473684,202.564102564103,478.787878787879
"551","Lee",2014,410.683012259194,510.337323177367,1090.6976744186
"552","Linn",2014,264.150943396226,354.103852596315,710.349462365591
"553","Louisa",2014,251.412429378531,340.996168582375,449.494949494949
"554","Lucas",2014,318.021201413428,430.622009569378,532.544378698225
"555","Lyon",2014,119.377162629758,220.447284345048,450.980392156863
"556","Madison",2014,305.309734513274,253.676470588235,616.071428571429
"557","Mahaska",2014,274.623406720742,452.290076335878,817.241379310345
"558","Marion",2014,215.348472983555,324.292452830189,529.865125240848
"559","Marshall",2014,337.301587301587,382.022471910112,602.125147579693
"560","Mills",2014,215.419501133787,241.730279898219,414.847161572052
"561","Mitchell",2014,146.153846153846,257.918552036199,606.382978723404
"562","Monona",2014,262.068965517241,365.384615384615,1187.5
"563","Monroe",2014,364.583333333333,527.638190954774,734.265734265734
"564","Montgomery",2014,567.567567567567,759.036144578313,1657.89473684211
"565","Muscatine",2014,332.132132132132,412.071535022355,918.604651162791
"566","OBrien",2014,270.916334661355,389.684813753582,1000
"567","Osceola",2014,268.722466960352,396.103896103896,709.302325581395
"568","Page",2014,370.37037037037,461.538461538462,1475.40983606557
"569","Palo Alto",2014,230.30303030303,336.283185840708,383.838383838384
"570","Plymouth",2014,144.154370034052,179.63224893918,394.409937888199
"571","Pocahontas",2014,314.285714285714,392.857142857143,634.615384615385
"572","Polk",2014,218.450602657876,316.162218577606,699.258037922506
"573","Pottawattamie",2014,363.055474876561,464.684014869888,874.125874125874
"574","Poweshiek",2014,192.537313432836,408.227848101266,614.285714285714
"575","Ringgold",2014,267.676767676768,460.869565217391,500
"576","Sac",2014,214.925373134328,347.826086956522,541.353383458647
"577","Scott",2014,258.708708708709,373.50964665077,716.722129783694
"578","Shelby",2014,264.397905759162,351.91637630662,711.267605633803
"579","Sioux",2014,104.477611940299,112.903225806452,292.275574112735
"580","Story",2014,143.215180809166,209.863588667366,468.384074941452
"581","Tama",2014,421.252371916509,453.98773006135,932.773109243697
"582","Taylor",2014,308.900523560209,453.846153846154,1072.72727272727
"583","Union",2014,345.537757437071,440.233236151603,926.380368098159
"584","Van Buren",2014,164.670658682635,404.411764705882,705.128205128205
"585","Wapello",2014,415.606446140797,488.534396809571,1361.11111111111
"586","Warren",2014,233.373639661427,289.138576779026,503.259452411995
"587","Washington",2014,193.585337915235,374.722838137472,592.982456140351
"588","Wayne",2014,183.333333333333,138.655462184874,347.368421052632
"589","Webster",2014,314.84375,445.303867403315,1206.58682634731
"590","Winnebago",2014,211.480362537764,264.150943396226,736.842105263158
"591","Winneshiek",2014,175.64870259481,186.440677966102,448.979591836735
"592","Woodbury",2014,278.125674800259,420.091324200913,739.380022962112
"593","Worth",2014,289.592760180996,340.425531914894,771.084337349398
"594","Wright",2014,294.715447154472,514.184397163121,884.146341463415
"595","Adair",2013,317.757009345794,365.591397849462,601.769911504425
"596","Adams",2013,509.615384615385,434.426229508197,716.216216216216
"597","Allamakee",2013,228.628230616302,307.486631016043,664.739884393064
"598","Appanoose",2013,379.474940334129,394.54094292804,1104.16666666667
"599","Audubon",2013,193.939393939394,238.805970149254,457.142857142857
"600","Benton",2013,221.743810548977,308.383233532934,460.850111856823
"601","Black Hawk",2013,284.126365054602,460.78431372549,847.585805700989
"602","Boone",2013,292.149292149292,363.2,497.80701754386
"603","Bremer",2013,151.633986928105,197.278911564626,397.260273972603
"604","Buchanan",2013,216.400911161731,289.634146341463,867.579908675799
"605","Buena Vista",2013,246.835443037975,443.181818181818,762.214983713355
"606","Butler",2013,234.657039711191,324.189526184539,628.019323671498
"607","Calhoun",2013,255.255255255255,402.843601895735,1440.67796610169
"608","Carroll",2013,217.678100263852,264,611.111111111111
"609","Cass",2013,288.343558282209,366.233766233766,1658.82352941176
"610","Cedar",2013,284.779050736498,352.226720647773,525.679758308157
"611","Cerro Gordo",2013,304.404996712689,495.717344753747,1254.74254742547
"612","Cherokee",2013,292.857142857143,239.067055393586,611.940298507463
"613","Chickasaw",2013,211.363636363636,285.276073619632,497.326203208556
"614","Clarke",2013,242.647058823529,308.411214953271,469.194312796209
"615","Clay",2013,297.872340425532,514.435695538058,937.799043062201
"616","Clayton",2013,200,301.176470588235,475.836431226766
"617","Clinton",2013,339.93399339934,497.584541062802,1043.91891891892
"618","Crawford",2013,176.470588235294,371.359223300971,602.362204724409
"619","Dallas",2013,121.828908554572,160.45066045066,299.275362318841
"620","Davis",2013,224.719101123595,207.253886010363,1230.76923076923
"621","Decatur",2013,424.242424242424,497.777777777778,1018.18181818182
"622","Delaware",2013,170.807453416149,252.873563218391,388.6925795053
"623","Des Moines",2013,346.981263011797,451.6711833785,988.142292490119
"624","Dickinson",2013,250.92936802974,425.867507886435,854.430379746835
"625","Dubuque",2013,262.068965517241,422.034651266104,686.912509038322
"626","Emmet",2013,500,321.022727272727,1915.25423728814
"627","Fayette",2013,279.10447761194,334.525939177102,935
"628","Floyd",2013,338.842975206612,470.183486238532,1073.29842931937
"629","Franklin",2013,274.31421446384,491.071428571429,1037.7358490566
"630","Fremont",2013,286.324786324786,308.755760368664,779.069767441861
"631","Greene",2013,299.382716049383,577.380952380952,776
"632","Grundy",2013,149.350649350649,205.357142857143,345
"633","Guthrie",2013,382.758620689655,389.473684210526,834.586466165414
"634","Hamilton",2013,428.246013667426,480.818414322251,786.610878661088
"635","Hancock",2013,285.245901639344,230.769230769231,659.090909090909
"636","Hardin",2013,381.520119225037,823.151125401929,1532.93413173653
"637","Harrison",2013,266.958424507659,304.239401496259,938.461538461538
"638","Henry",2013,376.044568245125,513.307984790874,978.260869565217
"639","Howard",2013,209.411764705882,334.586466165414,767.241379310345
"640","Humboldt",2013,331.34328358209,392.226148409894,1275.86206896552
"641","Ida",2013,313.782991202346,748.251748251748,1258.82352941176
"642","Iowa",2013,251.03734439834,266.519823788546,384.126984126984
"643","Jackson",2013,337.370242214533,407.098121085595,1054.05405405405
"644","Jasper",2013,390.712570056045,586.538461538462,1094.17040358744
"645","Jefferson",2013,289.628180039139,732.673267326733,747.474747474747
"646","Johnson",2013,150.189393939394,271.854645183408,483.831604636974
"647","Jones",2013,232.08722741433,313.025210084034,543.795620437956
"648","Keokuk",2013,303.258145363409,493.877551020408,1287.23404255319
"649","Kossuth",2013,225.206611570248,275.949367088608,694.267515923567
"650","Lee",2013,395.869191049914,524.515393386545,1277.77777777778
"651","Linn",2013,282.902354303358,354.049267428755,767.807262569832
"652","Louisa",2013,259.887005649717,336.996336996337,457.71144278607
"653","Lucas",2013,325.088339222615,407.079646017699,494.623655913978
"654","Lyon",2013,80.1815431164902,195.571955719557,283.422459893048
"655","Madison",2013,360.381861575179,247.947454844007,653.679653679654
"656","Mahaska",2013,323.595505617977,555.984555984556,956.810631229236
"657","Marion",2013,218.798151001541,341.756919374248,507.142857142857
"658","Marshall",2013,401.703335699077,395.251396648045,750.663129973475
"659","Mills",2013,316.964285714286,319.101123595506,679.425837320574
"660","Mitchell",2013,147.420147420147,283.018867924528,508.474576271186
"661","Monona",2013,280,346.846846846847,726.415094339623
"662","Monroe",2013,326.996197718631,405.660377358491,593.103448275862
"663","Montgomery",2013,547.619047619048,560.975609756098,1563.1067961165
"664","Muscatine",2013,305.389221556886,386.949924127466,960.45197740113
"665","OBrien",2013,317.073170731707,344.578313253012,817.142857142857
"666","Osceola",2013,209.677419354839,335.483870967742,571.428571428571
"667","Page",2013,366.920152091255,536.111111111111,1286.66666666667
"668","Palo Alto",2013,255.813953488372,366.666666666667,486.187845303867
"669","Plymouth",2013,197.879858657244,233.983286908078,443.271767810026
"670","Pocahontas",2013,475.728155339806,573.099415204678,915.88785046729
"671","Polk",2013,236.802724598793,346.235098838087,734.475032010243
"672","Pottawattamie",2013,343.83637368712,494.042891183479,1066.89536878216
"673","Poweshiek",2013,272.590361445783,530.791788856305,952.631578947368
"674","Ringgold",2013,230.769230769231,351.5625,348.837209302326
"675","Sac",2013,219.373219373219,350,553.956834532374
"676","Scott",2013,291.735661598675,429.711751662971,789.087947882736
"677","Shelby",2013,286.075949367089,421.641791044776,733.766233766234
"678","Sioux",2013,95.4063604240283,114.213197969543,271.084337349398
"679","Story",2013,213.588588588589,315.585135884637,617.136659436009
"680","Tama",2013,357.142857142857,396.341463414634,615.141955835962
"681","Taylor",2013,270.531400966184,466.666666666667,949.152542372881
"682","Union",2013,441.037735849057,548.387096774194,1214.28571428571
"683","Van Buren",2013,175.792507204611,480.314960629921,677.777777777778
"684","Wapello",2013,380.368098159509,531.618435155413,1281.65374677003
"685","Warren",2013,258.265751715533,306.213017751479,502.427184466019
"686","Washington",2013,222.469410456062,478.468899521531,630.914826498423
"687","Wayne",2013,320.261437908497,188.461538461538,526.881720430108
"688","Webster",2013,375.191424196018,535.51912568306,1590.90909090909
"689","Winnebago",2013,307.167235494881,347.490347490348,1304.34782608696
"690","Winneshiek",2013,164.150943396226,193.763919821826,475.409836065574
"691","Woodbury",2013,286.160249739854,466.576179165253,920.348058902276
"692","Worth",2013,250,371.25748502994,815.789473684211
"693","Wright",2013,418.708240534521,551.319648093842,1105.88235294118
"694","Adair",2012,247.747747747748,298.913043478261,462.18487394958
"695","Adams",2012,412.371134020619,320,500
"696","Allamakee",2012,160.202360876897,277.777777777778,637.58389261745
"697","Appanoose",2012,414.519906323185,437.037037037037,759.656652360515
"698","Audubon",2012,240,302.158273381295,506.024096385542
"699","Benton",2012,245.958429561201,296.657381615599,419.291338582677
"700","Black Hawk",2012,296.998420221169,452.739313666466,915.956151035323
"701","Boone",2012,321.644498186215,438.220757825371,574.51403887689
"702","Bremer",2012,180.836707152497,214.74358974359,531.746031746032
"703","Buchanan",2012,183.982683982684,264.797507788162,696.72131147541
"704","Buena Vista",2012,258.426966292135,370.967741935484,741.935483870968
"705","Butler",2012,239.929947460595,329.326923076923,713.541666666667
"706","Calhoun",2012,271.844660194175,387.096774193548,1090.90909090909
"707","Carroll",2012,215.864759427828,252.663622526636,590.747330960854
"708","Cass",2012,284.671532846715,477.064220183486,1418.18181818182
"709","Cedar",2012,243.243243243243,307.228915662651,443.478260869565
"710","Cerro Gordo",2012,312.783906554186,526.775956284153,1361.58192090395
"711","Cherokee",2012,342.281879194631,317.757009345794,822.58064516129
"712","Chickasaw",2012,228.699551569507,310.030395136778,490.384615384615
"713","Clarke",2012,324.120603015075,387.387387387387,522.267206477733
"714","Clay",2012,274.052478134111,453.012048192771,1062.14689265537
"715","Clayton",2012,252.279635258359,395.238095238095,640.926640926641
"716","Clinton",2012,352.941176470588,606.617647058824,1208.79120879121
"717","Crawford",2012,173.553719008264,352.517985611511,706.730769230769
"718","Dallas",2012,115.350223546945,157.701711491443,346.774193548387
"719","Davis",2012,144.208037825059,196.774193548387,610
"720","Decatur",2012,369.747899159664,341.085271317829,1353.84615384615
"721","Delaware",2012,259.927797833935,265.193370165746,669.767441860465
"722","Des Moines",2012,391.449565798263,604.747162022704,1174.34869739479
"723","Dickinson",2012,226.713532513181,522.267206477733,1216.98113207547
"724","Dubuque",2012,246.753246753247,407.324698526128,658.008658008658
"725","Emmet",2012,320.113314447592,375.415282392027,795.774647887324
"726","Fayette",2012,354.046242774566,475.728155339806,1237.37373737374
"727","Floyd",2012,292.332268370607,494.594594594595,1039.77272727273
"728","Franklin",2012,275.058275058275,538.812785388128,825.174825174825
"729","Fremont",2012,214.574898785425,266.331658291457,504.761904761905
"730","Greene",2012,279.411764705882,608.974358974359,568.862275449102
"731","Grundy",2012,146.868250539957,200,330.097087378641
"732","Guthrie",2012,428.057553956835,388.888888888889,901.515151515152
"733","Hamilton",2012,348.387096774194,386.634844868735,663.934426229508
"734","Hancock",2012,255.892255892256,199.475065616798,649.57264957265
"735","Hardin",2012,279.72972972973,680.921052631579,1137.36263736264
"736","Harrison",2012,220.858895705521,263.414634146341,870.967741935484
"737","Henry",2012,278.620689655172,419.087136929461,737.226277372263
"738","Howard",2012,260.975609756098,386.281588447653,891.666666666667
"739","Humboldt",2012,239.8753894081,255.813953488372,693.693693693694
"740","Ida",2012,190.769230769231,382.716049382716,826.666666666667
"741","Iowa",2012,205.992509363296,243.90243902439,511.627906976744
"742","Jackson",2012,292.22972972973,352.34215885947,901.041666666667
"743","Jasper",2012,377.93427230047,606.78391959799,997.933884297521
"744","Jefferson",2012,232.954545454545,588.516746411483,640.625
"745","Johnson",2012,166.666666666667,287.461773700306,555.11811023622
"746","Jones",2012,260.174418604651,398.663697104677,594.68438538206
"747","Keokuk",2012,309.192200557103,438.735177865613,1305.88235294118
"748","Kossuth",2012,210.743801652893,261.538461538462,593.023255813954
"749","Lee",2012,376.751854905194,557.997557997558,1317.00288184438
"750","Linn",2012,248.66276900112,332.170156198072,704.866008462623
"751","Louisa",2012,329.639889196676,388.888888888889,672.316384180791
"752","Lucas",2012,257.96178343949,373.271889400922,445.054945054945
"753","Lyon",2012,128.284389489954,274.834437086093,397.129186602871
"754","Madison",2012,242.171189979123,194.304857621441,471.544715447154
"755","Mahaska",2012,361.820199778024,619.771863117871,1202.9520295203
"756","Marion",2012,233.99209486166,315.901814300961,572.533849129594
"757","Marshall",2012,397.260273972603,445.501097293343,769.911504424779
"758","Mills",2012,244.274809160305,323.232323232323,727.272727272727
"759","Mitchell",2012,115,214.953271028037,345.864661654135
"760","Monona",2012,320,459.33014354067,1215.18987341772
"761","Monroe",2012,326.007326007326,451.776649746193,626.760563380282
"762","Montgomery",2012,482.093663911846,788.288288288288,1305.97014925373
"763","Muscatine",2012,312.913907284768,476.470588235294,1069.81132075472
"764","OBrien",2012,286.806883365201,461.538461538462,789.473684210526
"765","Osceola",2012,112.781954887218,211.267605633803,291.26213592233
"766","Page",2012,335.974643423138,818.532818532819,1752.06611570248
"767","Palo Alto",2012,246.987951807229,315.384615384615,535.947712418301
"768","Plymouth",2012,179.763186221744,240.634005763689,466.480446927374
"769","Pocahontas",2012,507.317073170732,634.146341463415,1300
"770","Polk",2012,228.317118608984,331.529906822964,726.135615536537
"771","Pottawattamie",2012,326.681246582832,480.498592681946,1020.49530315969
"772","Poweshiek",2012,334.855403348554,674.846625766871,823.970037453184
"773","Ringgold",2012,146.919431279621,240.31007751938,267.241379310345
"774","Sac",2012,189.25831202046,336.363636363636,524.822695035461
"775","Scott",2012,282.221240241567,438.443935926773,750.783699059561
"776","Shelby",2012,238.095238095238,312.5,435.897435897436
"777","Sioux",2012,95.0134770889488,126.230975828111,337.320574162679
"778","Story",2012,177.447861435136,274.31693989071,594.082840236686
"779","Tama",2012,324.534161490683,486.046511627907,723.18339100346
"780","Taylor",2012,218.009478672986,338.235294117647,938.775510204082
"781","Union",2012,508.021390374332,431.818181818182,1439.39393939394
"782","Van Buren",2012,297.935103244838,759.398496240602,1030.61224489796
"783","Wapello",2012,414.705882352941,583.850931677019,1703.92749244713
"784","Warren",2012,203.107019562716,279.051383399209,464.473684210526
"785","Washington",2012,207.158351409978,441.108545034642,535.014005602241
"786","Wayne",2012,257.48502994012,176.954732510288,398.148148148148
"787","Webster",2012,395.993836671803,560.523446019629,1869.09090909091
"788","Winnebago",2012,275.409836065574,321.83908045977,865.979381443299
"789","Winneshiek",2012,112.338858195212,115.31190926276,340.782122905028
"790","Woodbury",2012,262.617621899059,390.461049284579,784.664536741214
"791","Worth",2012,217.741935483871,343.949044585987,771.428571428571
"792","Wright",2012,459.459459459459,546.916890080429,985.507246376812
"793","Adair",2011,280.632411067194,367.875647668394,806.818181818182
"794","Adams",2011,607.476635514019,532.786885245902,1160.71428571429
"795","Allamakee",2011,229.885057471264,403.458213256484,972.222222222222
"796","Appanoose",2011,365.909090909091,393.643031784841,725.225225225225
"797","Audubon",2011,367.875647668394,533.834586466165,1183.33333333333
"798","Benton",2011,270.056497175141,326.949384404925,445.89552238806
"799","Black Hawk",2011,316.241021548284,481.762917933131,894.974590626765
"800","Boone",2011,332.56351039261,480,711.111111111111
"801","Bremer",2011,183.116883116883,231.147540983607,514.598540145985
"802","Buchanan",2011,228.85032537961,308.479532163743,827.450980392157
"803","Buena Vista",2011,295.612009237875,468.864468864469,898.245614035088
"804","Butler",2011,246.45390070922,337.378640776699,808.139534883721
"805","Calhoun",2011,227.564102564103,330.232558139535,682.692307692308
"806","Carroll",2011,189.122373300371,254.152823920266,595.330739299611
"807","Cass",2011,292.517006802721,589.041095890411,1365.07936507937
"808","Cedar",2011,266.025641025641,320.46332046332,486.803519061584
"809","Cerro Gordo",2011,359.425962165688,602.185792349727,1334.14043583535
"810","Cherokee",2011,348.484848484848,404.929577464789,1138.61386138614
"811","Chickasaw",2011,226.457399103139,300.595238095238,517.948717948718
"812","Clarke",2011,368.098159509202,415.22491349481,418.118466898955
"813","Clay",2011,346.213292117465,542.372881355932,1185.18518518519
"814","Clayton",2011,192.846034214619,279.279279279279,512.396694214876
"815","Clinton",2011,365.723438334223,606.194690265487,1151.26050420168
"816","Crawford",2011,195.244055068836,347.438752783964,658.227848101266
"817","Dallas",2011,135.702746365105,168.606985146528,359.281437125748
"818","Davis",2011,215.346534653465,269.349845201238,1023.52941176471
"819","Decatur",2011,462.962962962963,348.432055749129,1666.66666666667
"820","Delaware",2011,240.549828178694,257.352941176471,666.666666666667
"821","Des Moines",2011,392.338177014531,554.10447761194,1253.16455696203
"822","Dickinson",2011,218.531468531469,508.130081300813,1116.07142857143
"823","Dubuque",2011,259.063244244509,457.049486461251,688.466947960619
"824","Emmet",2011,383.75350140056,563.786008230453,724.867724867725
"825","Fayette",2011,348.238482384824,558.695652173913,1040.48582995951
"826","Floyd",2011,323.170731707317,566.844919786096,1261.90476190476
"827","Franklin",2011,273.684210526316,379.56204379562,764.705882352941
"828","Fremont",2011,196.22641509434,279.569892473118,547.368421052632
"829","Greene",2011,339.506172839506,604.395604395604,575.916230366492
"830","Grundy",2011,164.904862579281,250.8038585209,390
"831","Guthrie",2011,249.169435215947,245.098039215686,496.688741721854
"832","Hamilton",2011,245.874587458746,356.459330143541,593.625498007968
"833","Hancock",2011,176.966292134831,179.487179487179,459.85401459854
"834","Hardin",2011,358.974358974359,714.714714714715,1314.91712707182
"835","Harrison",2011,225.865209471767,329.787234042553,815.789473684211
"836","Henry",2011,309.746328437917,391.891891891892,648.04469273743
"837","Howard",2011,215.827338129496,355.731225296443,633.802816901409
"838","Humboldt",2011,254.237288135593,316.901408450704,1111.11111111111
"839","Ida",2011,216.56050955414,395.348837209302,809.52380952381
"840","Iowa",2011,204.262877442274,269.320843091335,563.725490196078
"841","Jackson",2011,336.633663366337,441.558441558442,1236.36363636364
"842","Jasper",2011,328.054298642534,533.088235294118,1030.80568720379
"843","Jefferson",2011,307.535641547862,553.113553113553,1086.3309352518
"844","Johnson",2011,165.93799682035,297.895112379593,548.260013131976
"845","Jones",2011,335.843373493976,460.743801652893,677.811550151976
"846","Keokuk",2011,358.490566037736,483.636363636364,1750
"847","Kossuth",2011,235.42600896861,243.055555555556,905.172413793103
"848","Lee",2011,400,652.741514360313,1501.5015015015
"849","Linn",2011,263.020184400698,350.257176041148,745.146487822097
"850","Louisa",2011,330.073349633252,515.267175572519,685.279187817259
"851","Lucas",2011,297.805642633229,424.107142857143,489.690721649485
"852","Lyon",2011,143.572621035058,245.014245014245,401.869158878505
"853","Madison",2011,248.565965583174,218.487394957983,588.235294117647
"854","Mahaska",2011,321.540062434964,607.072691552063,1140.22140221402
"855","Marion",2011,194.244604316547,261.009667024705,460.227272727273
"856","Marshall",2011,352.346999405823,495.405179615706,899.848254931715
"857","Mills",2011,193.708609271523,321.428571428571,854.014598540146
"858","Mitchell",2011,159.139784946237,395.72192513369,560.606060606061
"859","Monona",2011,265.37216828479,369.369369369369,931.818181818182
"860","Monroe",2011,277.19298245614,413.612565445026,1234.375
"861","Montgomery",2011,485.294117647059,904.109589041096,1222.22222222222
"862","Muscatine",2011,347.229840921558,539.641943734015,1178.77094972067
"863","OBrien",2011,320.072332730561,582.236842105263,1085.88957055215
"864","Osceola",2011,183.908045977011,271.186440677966,489.795918367347
"865","Page",2011,375.838926174497,775.086505190311,1882.35294117647
"866","Palo Alto",2011,257.452574525745,378.486055776892,714.285714285714
"867","Plymouth",2011,198.57433808554,316.558441558442,509.138381201044
"868","Pocahontas",2011,371.681415929204,461.538461538462,807.692307692308
"869","Polk",2011,230.813467168549,329.403864806387,761.469472231804
"870","Pottawattamie",2011,349.842767295597,553.941908713693,1108.80398671096
"871","Poweshiek",2011,272.300469483568,474.114441416894,669.230769230769
"872","Ringgold",2011,203.791469194313,380.530973451327,341.269841269841
"873","Sac",2011,118.764845605701,241.545893719807,378.787878787879
"874","Scott",2011,322.207387627948,505.468931812893,898.263027295285
"875","Shelby",2011,300,471.774193548387,606.217616580311
"876","Sioux",2011,96.5608465608466,133.577310155535,272.388059701493
"877","Story",2011,209.823040808956,346.658711217184,769.53642384106
"878","Tama",2011,343.015214384509,663.101604278075,932.330827067669
"879","Taylor",2011,217.171717171717,268.75,826.923076923077
"880","Union",2011,404.358353510896,453.804347826087,927.777777777778
"881","Van Buren",2011,232.142857142857,553.191489361702,780
"882","Wapello",2011,417.251051893408,630.296610169492,1383.72093023256
"883","Warren",2011,230.088495575221,313.253012048193,466.507177033493
"884","Washington",2011,277.649769585253,484.909456740443,737.003058103975
"885","Wayne",2011,304.597701149425,232.456140350877,557.894736842105
"886","Webster",2011,437.842064112588,585.774058577406,1848.18481848185
"887","Winnebago",2011,326.666666666667,388.888888888889,816.666666666667
"888","Winneshiek",2011,170.984455958549,184.357541899441,454.128440366972
"889","Woodbury",2011,295.918367346939,477.647058823529,890.909090909091
"890","Worth",2011,207.03125,378.571428571429,654.320987654321
"891","Wright",2011,350.202429149798,492.877492877493,797.235023041475
"892","Adair",2010,232.638888888889,354.497354497354,985.294117647059
"893","Adams",2010,626.168224299065,712.765957446808,1456.52173913043
"894","Allamakee",2010,186.643835616438,286.089238845144,589.189189189189
"895","Appanoose",2010,452.991452991453,510.843373493976,883.333333333333
"896","Audubon",2010,209.756097560976,358.333333333333,1048.78048780488
"897","Benton",2010,224.120603015075,342.549923195084,423.14990512334
"898","Black Hawk",2010,346.00836153693,532.149418248622,1027.79420461266
"899","Boone",2010,333.333333333333,500.789889415482,883.008356545961
"900","Bremer",2010,181.707317073171,263.716814159292,530.249110320285
"901","Buchanan",2010,217.751479289941,237.726098191214,807.017543859649
"902","Buena Vista",2010,333.333333333333,439.79057591623,736.842105263158
"903","Butler",2010,254.266211604096,407.103825136612,949.044585987261
"904","Calhoun",2010,292.063492063492,455.445544554455,844.036697247706
"905","Carroll",2010,181.07476635514,282.846715328467,679.824561403509
"906","Cass",2010,315.88785046729,539.936102236422,1877.77777777778
"907","Cedar",2010,303.425774877651,352.941176470588,543.859649122807
"908","Cerro Gordo",2010,353.674540682415,572.186836518047,1169.19739696312
"909","Cherokee",2010,345.505617977528,469.465648854962,1808.82352941176
"910","Chickasaw",2010,258.695652173913,371.875,604.060913705584
"911","Clarke",2010,377.358490566038,389.61038961039,740.740740740741
"912","Clay",2010,366.929133858268,569.682151589242,1429.44785276074
"913","Clayton",2010,226.600985221675,291.139240506329,679.802955665025
"914","Clinton",2010,350.051177072671,652.049571020019,1310.34482758621
"915","Crawford",2010,202.898550724638,260.707635009311,520.446096654275
"916","Dallas",2010,142.8110896196,210.251542477456,396.953405017921
"917","Davis",2010,154.166666666667,309.623430962343,592
"918","Decatur",2010,370.967741935484,352.490421455939,1672.72727272727
"919","Delaware",2010,238.476953907816,195.402298850575,493.775933609959
"920","Des Moines",2010,408.70138431114,606.060606060606,1614.58333333333
"921","Dickinson",2010,279.549718574109,584.313725490196,1342.34234234234
"922","Dubuque",2010,288.276231263383,487.109905020353,871.359223300971
"923","Emmet",2010,240.601503759398,466.019417475728,470.588235294118
"924","Fayette",2010,336.423841059603,628.712871287129,858.108108108108
"925","Floyd",2010,364.179104477612,568.764568764569,1936.50793650794
"926","Franklin",2010,401.114206128134,523.636363636364,888.888888888889
"927","Fremont",2010,228.571428571429,402.51572327044,800
"928","Greene",2010,324.242424242424,629.411764705882,551.546391752577
"929","Grundy",2010,137.931034482759,200.66889632107,346.820809248555
"930","Guthrie",2010,188.087774294671,189.274447949527,465.116279069767
"931","Hamilton",2010,294.559099437148,389.578163771712,523.333333333333
"932","Hancock",2010,293.948126801153,322.784810126582,653.846153846154
"933","Hardin",2010,330.882352941176,709.779179810726,1190.47619047619
"934","Harrison",2010,320.408163265306,373.809523809524,981.25
"935","Henry",2010,352.317880794702,430.42071197411,718.918918918919
"936","Howard",2010,147.5,236,475.806451612903
"937","Humboldt",2010,258.899676375405,251.572327044025,1194.02985074627
"938","Ida",2010,229.452054794521,360.215053763441,1000
"939","Iowa",2010,170.175438596491,227.699530516432,510.526315789474
"940","Jackson",2010,337.6,490.697674418605,1134.40860215054
"941","Jasper",2010,329.250720461095,535.756154747948,1131.18811881188
"942","Jefferson",2010,292.051756007394,587.360594795539,923.976608187135
"943","Johnson",2010,159.933706235757,272.695160720593,570.162481536189
"944","Jones",2010,242.343541944075,451.612903225806,590.909090909091
"945","Keokuk",2010,320.547945205479,403.448275862069,1193.87755102041
"946","Kossuth",2010,237.735849056604,325.581395348837,797.46835443038
"947","Lee",2010,398.470688190314,545.983701979045,1090.6976744186
"948","Linn",2010,284.49025207997,385.495540972573,739.032258064516
"949","Louisa",2010,322.222222222222,622.317596566524,823.863636363636
"950","Lucas",2010,268.361581920904,482.233502538071,579.268292682927
"951","Lyon",2010,99.6376811594203,148.247978436658,246.636771300448
"952","Madison",2010,312.617702448211,288.194444444444,775.700934579439
"953","Mahaska",2010,264.907135874878,575.371549893843,1034.35114503817
"954","Marion",2010,198.075380914194,270.240700218818,486.220472440945
"955","Marshall",2010,396.541786743516,568.595041322314,962.237762237762
"956","Mills",2010,215.411558669002,307.5,1149.53271028037
"957","Mitchell",2010,219.399538106236,399.159663865546,811.965811965812
"958","Monona",2010,340.136054421769,438.59649122807,909.090909090909
"959","Monroe",2010,327.702702702703,570.588235294118,1492.30769230769
"960","Montgomery",2010,363.844393592677,775.609756097561,888.268156424581
"961","Muscatine",2010,343.445907269605,475.435816164818,1077.19928186715
"962","OBrien",2010,304.114490161002,492.753623188406,904.255319148936
"963","Osceola",2010,224.63768115942,439.716312056738,539.130434782609
"964","Page",2010,218.446601941748,567.226890756303,1080
"965","Palo Alto",2010,214.477211796247,344.827586206897,727.272727272727
"966","Plymouth",2010,168.75,260.032102728732,429.708222811671
"967","Pocahontas",2010,309.417040358744,363.157894736842,734.042553191489
"968","Polk",2010,242.823096089264,325.61011040093,737.57815070747
"969","Pottawattamie",2010,338.490264070419,515.644047135311,1020.09646302251
"970","Poweshiek",2010,304.635761589404,467.005076142132,821.428571428571
"971","Ringgold",2010,133.928571428571,309.278350515464,229.007633587786
"972","Sac",2010,148.148148148148,259.109311740891,533.333333333333
"973","Scott",2010,339.752201821167,530.536130536131,1002.20167327169
"974","Shelby",2010,234.413965087282,370.07874015748,643.835616438356
"975","Sioux",2010,96.4187327823691,121.951219512195,307.692307692308
"976","Story",2010,229.958599924727,349.942726231386,789.405684754522
"977","Tama",2010,379.501385041551,666.666666666667,898.360655737705
"978","Taylor",2010,194.690265486726,257.309941520468,1257.14285714286
"979","Union",2010,342.672413793103,514.563106796116,878.453038674033
"980","Van Buren",2010,198.776758409786,454.545454545455,550.847457627119
"981","Wapello",2010,400,706.155632984901,1223.34004024145
"982","Warren",2010,227.586206896552,275.626423690205,476.377952755905
"983","Washington",2010,246.242774566474,407.265774378585,669.811320754717
"984","Wayne",2010,293.785310734463,248.803827751196,611.764705882353
"985","Webster",2010,492.146596858639,511.332728921124,1392.59259259259
"986","Winnebago",2010,329.032258064516,401.574803149606,713.286713286713
"987","Winneshiek",2010,150.592216582064,176.237623762376,358.870967741935
"988","Woodbury",2010,335.590998470614,491.048593350384,1051.33470225873
"989","Worth",2010,306.513409961686,571.428571428571,879.120879120879
"990","Wright",2010,412.098298676749,710.097719869707,838.461538461538
"991","Adair",2009,225.396825396825,486.301369863014,1651.16279069767
"992","Adams",2009,730.769230769231,730.769230769231,1140
"993","Allamakee",2009,256.055363321799,356.626506024096,1193.54838709677
"994","Appanoose",2009,426.751592356688,575.931232091691,1015.15151515152
"995","Audubon",2009,300,473.684210526316,1125
"996","Benton",2009,254.658385093168,366.071428571429,516.806722689076
"997","Black Hawk",2009,367.51630112626,566.72760511883,1174.24242424242
"998","Boone",2009,355.440414507772,583.333333333333,1143.33333333333
"999","Bremer",2009,184.563758389262,330,567.010309278351
"1000","Buchanan",2009,172.826086956522,238.380809595202,636
"1001","Buena Vista",2009,264.596273291925,434.69387755102,766.187050359712
"1002","Butler",2009,284.090909090909,442.477876106195,898.203592814371
"1003","Calhoun",2009,310.897435897436,489.89898989899,683.098591549296
"1004","Carroll",2009,252.51256281407,364.130434782609,679.054054054054
"1005","Cass",2009,318.181818181818,608.695652173913,1570.09345794393
"1006","Cedar",2009,256.272401433692,318.485523385301,556.420233463035
"1007","Cerro Gordo",2009,437.138728323699,585.106382978723,1406.97674418605
"1008","Cherokee",2009,400.552486187845,635.964912280702,1883.11688311688
"1009","Chickasaw",2009,281.990521327014,357.357357357357,607.142857142857
"1010","Clarke",2009,384.364820846906,483.606557377049,728.395061728395
"1011","Clay",2009,338.870431893688,444.444444444444,1275
"1012","Clayton",2009,187.707641196013,265.882352941176,684.848484848485
"1013","Clinton",2009,319.369147363233,638.423645320197,1193.37016574586
"1014","Crawford",2009,221.350078492936,250,610.38961038961
"1015","Dallas",2009,180.881747012773,237.940379403794,508.690614136732
"1016","Davis",2009,130.801687763713,385.093167701863,488.188976377953
"1017","Decatur",2009,438.818565400844,436.974789915966,1350.64935064935
"1018","Delaware",2009,254.658385093168,198.067632850242,486.166007905138
"1019","Des Moines",2009,371.868978805395,550.380228136882,1258.69565217391
"1020","Dickinson",2009,291.666666666667,475.728155339806,1348.62385321101
"1021","Dubuque",2009,267.885960193653,431.542461005199,873.684210526316
"1022","Emmet",2009,237.327188940092,500,415.322580645161
"1023","Fayette",2009,296.398891966759,514.423076923077,852.589641434263
"1024","Floyd",2009,371.428571428571,615.960099750623,2627.65957446808
"1025","Franklin",2009,380.487804878049,631.578947368421,886.363636363636
"1026","Fremont",2009,255.725190839695,426.751592356688,788.235294117647
"1027","Greene",2009,361.111111111111,672.413793103448,657.303370786517
"1028","Grundy",2009,228.813559322034,260.450160771704,540
"1029","Guthrie",2009,289.189189189189,413.127413127413,906.779661016949
"1030","Hamilton",2009,338.078291814947,538.243626062323,683.453237410072
"1031","Hancock",2009,258.666666666667,380.392156862745,769.84126984127
"1032","Hardin",2009,373.737373737374,534.939759036145,1441.55844155844
"1033","Harrison",2009,295.499021526419,382.278481012658,774.358974358974
"1034","Henry",2009,300.142247510669,401.140684410646,857.723577235772
"1035","Howard",2009,203.703703703704,356.481481481481,578.947368421053
"1036","Humboldt",2009,284.403669724771,357.692307692308,989.36170212766
"1037","Ida",2009,334.745762711864,451.428571428571,1338.98305084746
"1038","Iowa",2009,204.116638078902,296.019900497512,983.471074380165
"1039","Jackson",2009,350.758853288364,470.588235294118,1341.93548387097
"1040","Jasper",2009,295.031055900621,409.92448759439,791.666666666667
"1041","Jefferson",2009,355.93220338983,624.53531598513,933.333333333333
"1042","Johnson",2009,160.649087221095,298.755186721992,569.784172661871
"1043","Jones",2009,232.2206095791,405.063291139241,590.405904059041
"1044","Keokuk",2009,319.371727748691,460.377358490566,1244.89795918367
"1045","Kossuth",2009,245.421245421245,402.402402402402,864.516129032258
"1046","Lee",2009,449.222323879232,528.525296017223,1081.49779735683
"1047","Linn",2009,263.659389699674,369.631383158607,802.791039294895
"1048","Louisa",2009,278.538812785388,416.382252559727,739.393939393939
"1049","Lucas",2009,235.649546827795,373.205741626794,530.612244897959
"1050","Lyon",2009,179.540709812109,273.015873015873,462.365591397849
"1051","Madison",2009,282.56880733945,342.222222222222,810.526315789474
"1052","Mahaska",2009,246.531483457844,455.621301775148,731.012658227848
"1053","Marion",2009,228.699551569507,268.13880126183,618.932038834951
"1054","Marshall",2009,343.201754385965,510.603588907015,985.826771653543
"1055","Mills",2009,186.195826645265,370.607028753994,794.520547945205
"1056","Mitchell",2009,169.642857142857,177.570093457944,471.074380165289
"1057","Monona",2009,260.27397260274,358.490566037736,690.909090909091
"1058","Monroe",2009,301.158301158301,423.913043478261,951.219512195122
"1059","Montgomery",2009,281.746031746032,699.507389162562,850.299401197605
"1060","Muscatine",2009,302.854122621564,455.484896661367,1132.41106719368
"1061","OBrien",2009,376.363636363636,665.594855305466,1262.19512195122
"1062","Osceola",2009,319.502074688797,520.27027027027,916.666666666667
"1063","Page",2009,358.095238095238,770.491803278689,1807.69230769231
"1064","Palo Alto",2009,291.066282420749,448.888888888889,1020.20202020202
"1065","Plymouth",2009,195.353748680042,294.585987261146,533.14121037464
"1066","Pocahontas",2009,372.549019607843,477.987421383648,1000
"1067","Polk",2009,227.202313332645,321.285140562249,759.537372691179
"1068","Pottawattamie",2009,343.92523364486,542.087542087542,1192.59259259259
"1069","Poweshiek",2009,347.670250896057,503.896103896104,923.809523809524
"1070","Ringgold",2009,182.692307692308,413.04347826087,506.666666666667
"1071","Sac",2009,189.041095890411,343.283582089552,841.463414634146
"1072","Scott",2009,288.872936109117,437.962559860688,947.715496938295
"1073","Shelby",2009,291.891891891892,471.615720524017,907.563025210084
"1074","Sioux",2009,88.8575458392102,110.62335381914,278.761061946903
"1075","Story",2009,217.564148897723,330.951072017592,844.319775596073
"1076","Tama",2009,362.134688691233,742.1875,1096.15384615385
"1077","Taylor",2009,352.657004830918,483.443708609272,2703.7037037037
"1078","Union",2009,334.080717488789,435.672514619883,1071.94244604317
"1079","Van Buren",2009,219.135802469136,554.6875,717.171717171717
"1080","Wapello",2009,391.925465838509,701.890989988877,1356.98924731183
"1081","Warren",2009,235.449735449735,303.754266211604,527.407407407407
"1082","Washington",2009,237.931034482759,360,766.666666666667
"1083","Wayne",2009,250,233.830845771144,681.159420289855
"1084","Webster",2009,387.556221889055,501.941747572816,1315.52162849873
"1085","Winnebago",2009,275.541795665635,386.95652173913,581.699346405229
"1086","Winneshiek",2009,144.758735440932,187.096774193548,448.453608247423
"1087","Woodbury",2009,327.029324266893,475.587144622991,970.365699873897
"1088","Worth",2009,202.952029520295,392.857142857143,763.888888888889
"1089","Wright",2009,312.267657992565,585.365853658537,714.893617021277
